,accession,hit_def,hit_id,title,length,e_value,subject_start,subject_end,query_start,query_end,uid,sequence,type,id,parent,label,distance,reconstruct_label,ml_sequence,ml_posterior,alt_sequence,alt_posterior
0,NP_056179,"lymphocyte antigen 96 isoform 1 precursor [Homo sapiens] >sp|Q9Y6Y9.2| RecName: Full=Lymphocyte antigen 96; Short=Ly-96; AltName: Full=ESOP-1; AltName: Full=Protein MD-2; Flags: Precursor [Homo sapiens] >gb|AKI71616.1| LY96, partial [synthetic construct] >gb|EAW87024.1| lymphocyte antigen 96 [Homo sapiens]",ref|NP_056179.4|,"ref|NP_056179.4| lymphocyte antigen 96 isoform 1 precursor [Homo sapiens] >sp|Q9Y6Y9.2| RecName: Full=Lymphocyte antigen 96; Short=Ly-96; AltName: Full=ESOP-1; AltName: Full=Protein MD-2; Flags: Precursor [Homo sapiens] >gb|AKI71616.1| LY96, partial [synthetic construct] >gb|EAW87024.1| lymphocyte antigen 96 [Homo sapiens]",0.08730182,2.75215e-114,1,160,12,171,ilVU9UwgAP,MLPFLFFSTLFSSIFTEAQKQYWVCNSSDASISYTYCDKMQYPISINVNPCIELKRSKGLLHIFYIPRRDLKQLYFNLYITVNTMNLPKRKEVICRGSDDDYSFCRALKGETVNTTISFSFKGIKFSKGKYKCVVEAISGSPEEMLFCLEFVILH,leaf,ilVU9UwgAP,0,ilVU9UwgAP,0.08730182,ilVU9UwgAP,,,,
1,XP_017377398,PREDICTED: lymphocyte antigen 96 isoform X1 [Cebus capucinus imitator],ref|XP_017377398.1|,ref|XP_017377398.1| PREDICTED: lymphocyte antigen 96 isoform X1 [Cebus capucinus imitator],0.07904887,1.04738e-100,1,160,12,171,lJwKPM7ZPG,MLPFIFFSTLFSSMFTEAQKQHWICNSSDASISYTYCDKMQYPILINVDPCIKLTGTKGLLHIFYIPRRDLKQLYFNLYITVNSMNLPKRKEVICPGSDDDYSFCRALKGETLNITVPFSFKGIKFSKGRYKCVAEAISGSPEEVLFCLEFAIIH,leaf,lJwKPM7ZPG,0,lJwKPM7ZPG,0.07904887,lJwKPM7ZPG,,,,
2,XP_003800091,lymphocyte antigen 96 isoform X1 [Otolemur garnettii],ref|XP_003800091.1|,ref|XP_003800091.1| lymphocyte antigen 96 isoform X1 [Otolemur garnettii],0.10167265,1.59792e-91,1,158,12,169,FnsYyKBNTX,MFPFMLFSTLFSSTFTEPGKQYWVCNSSDASISYTYCDHMEYPISINVDPCIRLTGTKGYLHIFYIPRRDIQKLYFNLYISVNSMKLPKRKEVICRGSDDSYSFCRALKGETVNATISFSFKGIRFSKGRYRCIAEAIAGSNEEMLFCLNFTIIH,leaf,FnsYyKBNTX,6,FnsYyKBNTX,0.34824495,FnsYyKBNTX,,,,
3,XP_004462521,lymphocyte antigen 96 [Dasypus novemcinctus],ref|XP_004462521.1|,ref|XP_004462521.1| lymphocyte antigen 96 [Dasypus novemcinctus],0.14616314,2.34424e-86,1,160,12,171,bn1c2lrHOZ,MFPFMLFSTLFLSIFTEPRKQHWICNSSDASIWYNYCDNMNYPISINITPCITLKGSKGHLNLYYIPRRDLKNLYFNLYISVNSLELPKRKEVICRGSDDDYSFCRALKGETVNTSVPFSFKGMRFSKGLYRCVAEAISGKTEEMLFCLNLTILH,leaf,bn1c2lrHOZ,32,bn1c2lrHOZ,0.39491781000000004,bn1c2lrHOZ,,,,
4,XP_017521951,PREDICTED: lymphocyte antigen 96 [Manis javanica],ref|XP_017521951.1|,ref|XP_017521951.1| PREDICTED: lymphocyte antigen 96 [Manis javanica],0.15913463,9.85583e-86,1,160,12,171,tQAyhsuQ6Z,MFPFMLFSTLFASVFTEPMKQRWICNSSDLSVWYTYCDKMEFPISINVEPCITLKKSKGYLHLFYIPRRDIKKLYFNIYLSANSVDFPVRKEVICRGANDDYSFCRALKGETVNTTVSFSYKGIRFSKGQYRCVTEAIAGNTEEMLFCLNFTILH,leaf,tQAyhsuQ6Z,18,tQAyhsuQ6Z,0.44887062999999994,tQAyhsuQ6Z,,,,
5,XP_006139872,lymphocyte antigen 96 isoform X1 [Tupaia chinensis],ref|XP_006139872.1|,ref|XP_006139872.1| lymphocyte antigen 96 isoform X1 [Tupaia chinensis],0.18378918,2.55793e-85,1,160,12,171,REctcxvNUP,MFSFVLFSTLFSFIFTEPEKQHWVCNSSDVSISYTYCDKMKYPISLNLIPCIELAGTKGFLHLFYIPRRDLKKLYFNLYISVNSMNLPKRKEVICRGFDDDYSFCKAVKGESINTTIPFSFKGIRFPKGQYRCVAEAIVGNTEEMLFCLNFTIIY,leaf,REctcxvNUP,7,REctcxvNUP,0.38189468,REctcxvNUP,,,,
6,XP_021574592,lymphocyte antigen 96 isoform X1 [Carlito syrichta],ref|XP_021574592.1|,ref|XP_021574592.1| lymphocyte antigen 96 isoform X1 [Carlito syrichta],0.16660379,1.29562e-84,1,158,12,169,QuHtTIa1RU,MFLFMLFSTLFSSIYTEPGEQHWVCNSSDTSISYTYCDNMKYPISIKVEPCIKLVGSKGLLHIFFIPRRDLKQLYFNLYISVNSMELPKRKEVICRGSDDEYSLCRTLKGETLNTTVSFSFRGILFSKGRYKVVAEAIDGSTEETFFCLNFTIIH,leaf,QuHtTIa1RU,1,QuHtTIa1RU,0.29972989,QuHtTIa1RU,,,,
7,NP_001076256,lymphocyte antigen 96 precursor [Oryctolagus cuniculus] >ref|XP_008253869.1| PREDICTED: lymphocyte antigen 96 isoform X1 [Oryctolagus cuniculus] >gb|AAM50061.1| MD-2 [Oryctolagus cuniculus],ref|NP_001076256.1|,ref|NP_001076256.1| lymphocyte antigen 96 precursor [Oryctolagus cuniculus] >ref|XP_008253869.1| PREDICTED: lymphocyte antigen 96 isoform X1 [Oryctolagus cuniculus] >gb|AAM50061.1| MD-2 [Oryctolagus cuniculus],0.15554288,1.98673e-84,1,160,12,171,jdfbBEbQrU,MFTFMVFSTLISSIFTEPGKLHWVCKSADATVSYTYCDNMEIPISINVEPCITLKGTQGLLHIFYIPRRDMNQLYLNLYISVNSMDLPKRKEIICKGSDDVYSFCRALKGETVNTTVPFSFKGIRLSKGQYRCVVEAIAGSAEEMIFCLNFTIIH,leaf,jdfbBEbQrU,5,jdfbBEbQrU,0.38918732999999994,jdfbBEbQrU,,,,
8,XP_021544122,lymphocyte antigen 96 isoform X1 [Neomonachus schauinslandi],ref|XP_021544122.1|,ref|XP_021544122.1| lymphocyte antigen 96 isoform X1 [Neomonachus schauinslandi],0.02816714,1.33802e-83,1,160,12,171,vnKHDg7wSx,MFPFMLFSTLFSSIFTEPGEQHWICNSSDSSVWYTYCDDMKVPISIDLNPCITLKGSKGYLYISYIPRRDIKKLYFNLYLSFHSMHFPMRKEVICRGSDDLYSFCRALKGETVNTTVSFSFRGIRFSKGQYRCVAEAISGDPEEMLFCLNFTIIH,leaf,vnKHDg7wSx,26,vnKHDg7wSx,0.42225282,vnKHDg7wSx,,,,
9,XP_012883912,PREDICTED: lymphocyte antigen 96 isoform X1 [Dipodomys ordii],ref|XP_012883912.1|,ref|XP_012883912.1| PREDICTED: lymphocyte antigen 96 isoform X1 [Dipodomys ordii],0.1981893,1.65227e-83,1,160,12,171,T9H6ADWDHC,MLPFVLFSTLFSFIFIESEAQPWACNSSDATLSYTYCDNMKYPISLSTEPCITLKGTKGLIHVFYIPRRDLKKLYLNIYLSVNSMELPKRTEVICRGSDDEYSFCRALKGETVNTSVPFSFKGIQFPKGQYKCVVEAIAGDPEEKLFCLNFTIIH,leaf,T9H6ADWDHC,8,T9H6ADWDHC,0.44710845999999993,T9H6ADWDHC,,,,
10,XP_012590812,lymphocyte antigen 96 isoform X1 [Microcebus murinus],ref|XP_012590812.1|,ref|XP_012590812.1| lymphocyte antigen 96 isoform X1 [Microcebus murinus],0.17980736,2.88193e-83,1,160,12,171,mIch8Ax0TG,MFLFMIFPTLFSSIFTEPGKQNWVCNSSDASIWYTYCDHMEYPISVNVNPCITLKGTRGLLHLYFIPRRDLNKLYFNLYISINSMELPKRKEVICRGSNDIYSFCRALKGETVNTTVSFSFSGIRFSKGKYRGIVEAIAGNTEEMLFCLNFTLIY,leaf,mIch8Ax0TG,5,mIch8Ax0TG,0.41345181,mIch8Ax0TG,,,,
11,XP_025333813,lymphocyte antigen 96 isoform X1 [Canis lupus dingo] >ref|XP_853138.1| lymphocyte antigen 96 isoform X1 [Canis lupus familiaris],ref|XP_025333813.1|,ref|XP_025333813.1| lymphocyte antigen 96 isoform X1 [Canis lupus dingo] >ref|XP_853138.1| lymphocyte antigen 96 isoform X1 [Canis lupus familiaris],0.13085248,5.04029e-83,1,160,12,171,g2E87cYhxu,MFPFMLFSTLFSSIFTEPGEQYWICNSSDASVWYTYCDYMKAPISIDLNPCIAMKGSKGYLHLYYIPRRDIKKLYFNLYISFNSMNLPMRKEVICRGSDDVYSFCRALKGETVDTRIPFSFRGIRFSKGQYNCVAEAISGDTEEKLFCLNFTVIH,leaf,g2E87cYhxu,27,g2E87cYhxu,0.50080472,g2E87cYhxu,,,,
12,XP_011365244,lymphocyte antigen 96 [Pteropus vampyrus],ref|XP_011365244.1|,ref|XP_011365244.1| lymphocyte antigen 96 [Pteropus vampyrus],0.06430105,2.55241e-82,1,160,12,171,0nES8tQu9n,MFPFMLFSTLFSPICTEPAEQHWICNSSDTDIWYTYCDNMKFPISLNLNPCIELKGSRGYLHIFYIPRRDIKKLYFNLYLSFNSMNFPVRKEVICHGSDDEYSFCRALKGETVNTTISFSFKGIRFSKGQYRCIVEAITGYTEEKLFCLNFTIIY,leaf,0nES8tQu9n,22,0nES8tQu9n,0.46947169,0nES8tQu9n,,,,
13,XP_020028110,lymphocyte antigen 96 [Castor canadensis],ref|XP_020028110.1|,ref|XP_020028110.1| lymphocyte antigen 96 [Castor canadensis],0.17075038,1.51975e-81,1,157,12,168,rXLBIrIXLm,MLPLMLFSTLFSSIFAEPEELHWSCNSSDATFSYTYCDDMKFPISVHTEPCIELKGTNGFLHISYIPRRDLKKLYFNLYITVNSMELPKRKQVICRGYDDEYSFCRALKGETVNTTVSFSFKGIRFPKGRYRCITEAIVGDNEEKLFCLNFTVIH,leaf,rXLBIrIXLm,10,rXLBIrIXLm,0.44922173,rXLBIrIXLm,,,,
14,XP_008577095,PREDICTED: lymphocyte antigen 96 [Galeopterus variegatus],ref|XP_008577095.1|,ref|XP_008577095.1| PREDICTED: lymphocyte antigen 96 [Galeopterus variegatus],0.18596792,1.68132e-81,1,160,12,171,QqKUWW5HoV,MFPFMLFSTLFSFIFTEPGKQYWICNSSESSVSYTYCDKTEYPISINLEPCITLTGTRGFLHIFFIPRTDIKKLYFNLYISVNSVDFPKRKEVICRGSDDVYSFCGNLKGETVNTTISFSFGGMLFSKGRYRCVAEAIAGNAEEMLFCLNFTVIH,leaf,QqKUWW5HoV,6,QqKUWW5HoV,0.43254022000000003,QqKUWW5HoV,,,,
15,XP_003408398,lymphocyte antigen 96 isoform X1 [Loxodonta africana],ref|XP_003408398.1|,ref|XP_003408398.1| lymphocyte antigen 96 isoform X1 [Loxodonta africana],0.14918417,5.59176e-81,1,155,12,166,KEqJ1wgTKp,MFPFVLFSTLFSSIFPEPGEQRWVCNSSDLSVWYTYCDNLKYPILLNLTPCITLKASKGHLHVYYVPRRDIKKLYFNLYISFNSISLPKRKEVVCRGSEDDYSFCRALKGETVTATIPFSFKGIKFSKGQYRCVAEAMTGSPEEMLFCLNFTLIH,leaf,KEqJ1wgTKp,35,KEqJ1wgTKp,0.49246861,KEqJ1wgTKp,,,,
16,XP_012409905,lymphocyte antigen 96 [Trichechus manatus latirostris],ref|XP_012409905.1|,ref|XP_012409905.1| lymphocyte antigen 96 [Trichechus manatus latirostris],0.14403342,6.37777e-81,1,155,12,166,yTEuodwTOl,MFQFVLFSTLFPSVFTELGEPRWVCNSSDISIWYTYCDNMKYPISLNLTPCITLKGSRGLLHIYYIPRRDVEKLYFNLYLSVNSINLPKRKEVICRGSDDSYSFCRALKGETVNTTIPFSFRGIKFSKGLYRCVAEAISGKTEEMLFCLNFTMIH,leaf,yTEuodwTOl,35,yTEuodwTOl,0.48731786,yTEuodwTOl,,,,
17,XP_004403951,PREDICTED: lymphocyte antigen 96 [Odobenus rosmarus divergens],ref|XP_004403951.1|,ref|XP_004403951.1| PREDICTED: lymphocyte antigen 96 [Odobenus rosmarus divergens],0.11868486,4.12518e-80,1,160,12,171,MFgNzxwpQh,MFPFMLFSTLFSSIFTEPGEPHWICNSSDSSVWYTYCDNMKVPISIDVKPCIALKGSNGYLHIYYIPRRDIKKLYFNLYISFHSMHFPMRKEVVCQGSDDLYSFCSALKGETVNTTVYFSFKGLRFSKGQYKCVAEAVSGDPEETLFCLNFTIIH,leaf,MFgNzxwpQh,26,MFgNzxwpQh,0.5127705399999999,MFgNzxwpQh,,,,
18,XP_024434115,lymphocyte antigen 96 [Desmodus rotundus],ref|XP_024434115.1|,ref|XP_024434115.1| lymphocyte antigen 96 [Desmodus rotundus],0.13136124,6.90447e-80,1,160,12,171,MKgETTNlph,MFPLMLFSTLFSSTFTEPGEQYWICNSSDSSVWYSYCDNMEYPISLIPEPCIILKGTSGHLHIFFIPRRDIKKLYFNLYLSFNTLEFPMRKEVICRGSDDEYSFCRALKGETVNTSVPFSFKGILFSKGRYRCVVEAIAGNTEEMLFCLNFTIIH,leaf,MKgETTNlph,31,MKgETTNlph,0.48621565999999994,MKgETTNlph,,,,
19,XP_015341363,PREDICTED: lymphocyte antigen 96 [Marmota marmota marmota],ref|XP_015341363.1|,ref|XP_015341363.1| PREDICTED: lymphocyte antigen 96 [Marmota marmota marmota],0.23117349,2.04636e-79,8,178,1,171,VFGNLzkFxs,MLSFMLFSTMFSSILTEPEEQHWTCSSSDATIAYTYCDDIKFPILVRPEPCISLKGTEGFLHIFYIPRRDLKQLYFNLYISVNSMNLPKRKEVICRGANDEYSFCRALKGETVNTTIPFSFRGILFLKGRYRCVAEAIAGHTEEKLFCLNFTITY,leaf,VFGNLzkFxs,9,VFGNLzkFxs,0.49094556,VFGNLzkFxs,,,,
20,XP_029779690,lymphocyte antigen 96 [Suricata suricatta],ref|XP_029779690.1|,ref|XP_029779690.1| lymphocyte antigen 96 [Suricata suricatta],0.08257539,3.23963e-79,18,177,12,171,6ZDd0uMSEm,MFPFILFSTLFSFIFTEPGEQQWICNSSDSSVWYSHCDNMKVPISIDIKPCLTMKGSQGNLHLSFVPRRDIRKLYFNLYLSINLMNLPMRKEVICRGSDDVYSFCRALKGETVNTAVSFSFRGIRFSKGEYRCVAEAIAGNTEEMLFCLNFTILH,leaf,6ZDd0uMSEm,28,6ZDd0uMSEm,0.52368889,6ZDd0uMSEm,,,,
21,XP_008709033,PREDICTED: lymphocyte antigen 96 [Ursus maritimus] >ref|XP_026351654.1| lymphocyte antigen 96 [Ursus arctos horribilis],ref|XP_008709033.1|,ref|XP_008709033.1| PREDICTED: lymphocyte antigen 96 [Ursus maritimus] >ref|XP_026351654.1| lymphocyte antigen 96 [Ursus arctos horribilis],0.06927906,6.31648e-79,1,160,12,171,vZ3wkVn09p,MFTFMLFSTLFSSIFTAPGEQHWICNSSDSSVWYSYCDNMKVPISIDPKPCITLKGSRGYLHLSYVPRRDIKKLYFKLYLSFNSMHFPMRKEVICRGSDDVYSFCRALKGETVNTAVSFSYKGIRFSKGRYRCVAEAVSGDPEEMLFCLNFTIIH,leaf,vZ3wkVn09p,25,vZ3wkVn09p,0.47658011,vZ3wkVn09p,,,,
22,XP_022373640,lymphocyte antigen 96 isoform X1 [Enhydra lutris kenyoni],ref|XP_022373640.1|,ref|XP_022373640.1| lymphocyte antigen 96 isoform X1 [Enhydra lutris kenyoni],0.11902327,1.00081e-78,1,160,12,171,qBRL7Sjmgy,MFSFMVFSTLFSSIFAEPGEQRWVCNSSDLSVWYTYCDDMKVPISIEPKPCITLKGSKGYLHLSYIPRRDIKKLYFNIYLSFNSMDFPMRKEVVCRGSDDLYSFCRALKGETVNTAVSFSFRGLRFSKGRYKCVAEAISGDPEEVLFCLNFTIIH,leaf,qBRL7Sjmgy,25,qBRL7Sjmgy,0.52632432,qBRL7Sjmgy,,,,
23,XP_008847121,lymphocyte antigen 96 isoform X3 [Nannospalax galili],ref|XP_008847121.1|,ref|XP_008847121.1| lymphocyte antigen 96 isoform X3 [Nannospalax galili],0.14474473,1.4992e-78,1,158,12,169,MvBg2BSqXp,MLPFILFSTLFSPIFTESEEQLWVCNSSDTTISYTYCDNIKFPISISAEPCITLKGTNGILHIVFIPRRDIKKLYFNLFINLNSMVLPKRKEVICRGYDDDYSFCSALKGETVNTTVPFSFRGILFSKGQYTCVAEAIVGDIEEKLFCLNFTIIH,leaf,MvBg2BSqXp,13,MvBg2BSqXp,0.49602022999999995,MvBg2BSqXp,,,,
24,XP_003999946,lymphocyte antigen 96 [Felis catus],ref|XP_003999946.1|,ref|XP_003999946.1| lymphocyte antigen 96 [Felis catus],0.08850148,3.23256e-78,1,160,12,171,sEKRzE4g4o,MFPFILFSTLFSSTFTEPGELQWICNSSDSSVWYSHCDNMKVPISIAIKPCMSMKGSRGYLHLSFIPRRDIKKLYFNLYLSINSMDLPVRKEVICRGSDDFYSFCRALKGETVNTTVGFSFRGIRFSKGQYRCVAEAITGNTEEMLFCLNFTVIH,leaf,sEKRzE4g4o,28,sEKRzE4g4o,0.52961498,sEKRzE4g4o,,,,
25,XP_016009179,PREDICTED: lymphocyte antigen 96 [Rousettus aegyptiacus],ref|XP_016009179.1|,ref|XP_016009179.1| PREDICTED: lymphocyte antigen 96 [Rousettus aegyptiacus],0.17791185,4.34543e-78,1,158,12,169,KoiykUrNCv,MFPFMLFSTLFSSVFTQPAEQHWVCNSSDTDIWYTYCDDMKFPISLNVNPCITLKGTRGNLHVSYIPRRDIKKLYFNLYVSFNSMNFPLRTEVVCHGSDDVYSFCRALKGETVNATIPFSFRGLRFTKGRYRCIAEAFSGHTEEKLFCLNFTIIH,leaf,KoiykUrNCv,22,KoiykUrNCv,0.58308249,KoiykUrNCv,,,,
26,XP_006880603,PREDICTED: lymphocyte antigen 96 [Elephantulus edwardii],ref|XP_006880603.1|,ref|XP_006880603.1| PREDICTED: lymphocyte antigen 96 [Elephantulus edwardii],0.19390484,4.89587e-78,1,155,12,166,SCle3UBM07,MFSFMLFPTLFPTVFPEPKQQHWICNSSDLSVWYTYCDNMKYPISIIPTPCVSLKGSKGQLHLSYIPRRDMKKLYFNLYVSINSLDFPKRKEVICRGSDDDYSFCRALKGETINTTISFSYKGLKFSKGQYRVVAEAITGSAEEMLFCLNFTLIH,leaf,SCle3UBM07,34,SCle3UBM07,0.53598041,SCle3UBM07,,,,
27,XP_006202465,PREDICTED: lymphocyte antigen 96 [Vicugna pacos],ref|XP_006202465.1|,ref|XP_006202465.1| PREDICTED: lymphocyte antigen 96 [Vicugna pacos],0.18164914,7.11497e-78,1,160,12,171,wuTVLiOhRE,MFPLMLFSTLFSSIFTEPGEKHWICNSSDASIWYNYCDDKKFPISISTKPCITLKGSNGYLYLYFIPRRDIKKLYFNLYISVKSISLPERKEVICRGSDDNYSFCRALKGETVNTTIGFSFKGLRFSKGQYNCVAEAISGDTEERLLCLNFTIIH,leaf,wuTVLiOhRE,20,wuTVLiOhRE,0.55731115,wuTVLiOhRE,,,,
28,XP_014709236,PREDICTED: lymphocyte antigen 96 isoform X1 [Equus asinus],ref|XP_014709236.1|,ref|XP_014709236.1| PREDICTED: lymphocyte antigen 96 isoform X1 [Equus asinus],0.27874236,1.2959e-77,14,173,12,171,TAwMPRkiAE,MFSFMLFFTLFSSIFPEPEELRWICNSSDMSIWYTYCDNMKSPISINLEPCIELKGTSGHLHILFVPRRDIKKLYFNLYLTMNSLEFPMRKEVICRGSDDDYSFCRALKGETVNTTVSFSFRGMRFPKGRYRCIAEAVVGNTEEALFCLNFTLLH,leaf,TAwMPRkiAE,15,TAwMPRkiAE,0.53967436,TAwMPRkiAE,,,,
29,XP_004842102,lymphocyte antigen 96 [Heterocephalus glaber] >gb|EHB04643.1| Lymphocyte antigen 96 [Heterocephalus glaber],ref|XP_004842102.1|,ref|XP_004842102.1| lymphocyte antigen 96 [Heterocephalus glaber] >gb|EHB04643.1| Lymphocyte antigen 96 [Heterocephalus glaber],0.15937559,2.1994e-77,1,160,12,171,moHKHTm8xS,MLPFMLFSTLFSPIFTEPEEPLWICSSSDANISYTYCDNKKFPISINIIPCLTLKGSSGSLHIFFIPRRDLKKLYFNLHISFHSMKLPMRKEVICRGYDDEYSFCRALKGESVNATIAFSFKGIRFAKGRYNCVAEAITGDIEERLFCLNFTIEH,leaf,moHKHTm8xS,12,moHKHTm8xS,0.6105134299999999,moHKHTm8xS,,,,
30,XP_007185126,lymphocyte antigen 96 [Balaenoptera acutorostrata scammoni],ref|XP_007185126.1|,ref|XP_007185126.1| lymphocyte antigen 96 [Balaenoptera acutorostrata scammoni],0.10098061,2.1994e-77,1,158,12,169,Z8LjUOVjXh,MFPFMLFSTLFSSTFTEPGEKLWICNSSDTSVWYSYCDNLKFPISVNSEPCITLKGGRGNLYLYYIPRRDLKSLYFNIYVSFKSVNFPVRKEVICRGSDDDYSFCRALKGETVNTTISFSFKGIRFSKGRYNCITEAIAGNTEERLFCLNFTVIH,leaf,Z8LjUOVjXh,21,Z8LjUOVjXh,0.52919564,Z8LjUOVjXh,,,,
31,XP_004679848,PREDICTED: lymphocyte antigen 96 [Condylura cristata],ref|XP_004679848.1|,ref|XP_004679848.1| PREDICTED: lymphocyte antigen 96 [Condylura cristata],0.26737395,5.89605e-77,1,160,12,171,Hp0DjPMjdQ,MFPLMLFSTLFSSIFTEPGEKHWICNSSDASIWYSYCDNMKYPISINIHPCLTLKGHRGYLHIFYIARGDLKNLYFNLKLSFNSMNFLERTQVICKGADGDYSFCRALKGETVNTTISYSFKRLLFSKGQYRLIVEAITGSTGEMLFCLNFIIIH,leaf,Hp0DjPMjdQ,29,Hp0DjPMjdQ,0.55493554,Hp0DjPMjdQ,,,,
32,XP_008148549,lymphocyte antigen 96 [Eptesicus fuscus],ref|XP_008148549.1|,ref|XP_008148549.1| lymphocyte antigen 96 [Eptesicus fuscus],0.168796,6.57877e-77,1,160,12,171,21szhlpCrT,MFPLMLFSTLFSSTLPESGEQHWICNSSDVSLWYTYCDNVKYPISVRSEPCVELKGSKGYLHISYIPRRDMKNLYFNLYLSFKTMTFPMRKEVICRGSDDDYSFCRALKGETVNTSVPFSFKGILFSKGKYRWIVEAITGNTEEMLFCLNFTIIH,leaf,21szhlpCrT,31,21szhlpCrT,0.52365042,21szhlpCrT,,,,
33,XP_007954948,PREDICTED: lymphocyte antigen 96 [Orycteropus afer afer],ref|XP_007954948.1|,ref|XP_007954948.1| PREDICTED: lymphocyte antigen 96 [Orycteropus afer afer],0.15710233,7.00582e-77,1,155,12,166,fy8PrWoSw3,MFPFLLFSTLFPFIFTELGEQHWICNSSDLSVWYTYCDNMKYPISLNLIPCITLKGSRGHLQISYIPRRDIKKLYFNLYVSTKSLDFPKRKEVVCRGSDDDYSFCRALKGETVNTTVSFSFKEIKFSKGRYKIIAEAIAGSTEEMIFCLNATVIH,leaf,fy8PrWoSw3,34,fy8PrWoSw3,0.49917789999999995,fy8PrWoSw3,,,,
34,XP_004637614,lymphocyte antigen 96 isoform X1 [Octodon degus],ref|XP_004637614.1|,ref|XP_004637614.1| lymphocyte antigen 96 isoform X1 [Octodon degus],0.18932207,1.22847e-76,1,160,12,171,Hj4rBEf5vI,MLPLMLFSTLFSPIFTEPKDHHWICNSSDASISYTYCDDMKFPISVNVTPCLTFKGSSGTLNISFIPRRDLRKLYFNLYVSFKSMNLPERKEVICRGYDDVYSFCRALKGETVNAKVPFSYRGILFSKGRYSCVAEAITGDAEERLFCLNFTIMH,leaf,Hj4rBEf5vI,12,Hj4rBEf5vI,0.64045991,Hj4rBEf5vI,,,,
35,XP_021026766,lymphocyte antigen 96 isoform X1 [Mus caroli],ref|XP_021026766.1|,ref|XP_021026766.1| lymphocyte antigen 96 isoform X1 [Mus caroli],0.23529664,3.62727e-75,1,160,12,171,7p1dLwqVfe,MLPFIFFSTLLSPIFTESEKQQWICNSSDAIISYSYCDHMKFPISISSEPCIRLRGTNGFVHVEFIPRGNLKYLYFNLFISVNSIELPKRKEVLCHGHDDDYSFCRALKGETVNTSIPFSFEGILFPKGHYRCVAEAIAGDTEEKLFCLNFTIIH,leaf,7p1dLwqVfe,13,7p1dLwqVfe,0.5865721399999999,7p1dLwqVfe,,,,
36,XP_016071489,PREDICTED: lymphocyte antigen 96 isoform X1 [Miniopterus natalensis],ref|XP_016071489.1|,ref|XP_016071489.1| PREDICTED: lymphocyte antigen 96 isoform X1 [Miniopterus natalensis],0.21545977,4.22851e-75,1,160,12,171,0dHWXLxkH0,MFPLMLFSMLFSSTCTEPREPHWICNSSDLTFWYTYCDHMEYPILIKTEPCIQLMGSKGYLHIFYIPRRDIKKLYFNLYLSYNSLNFPVRQEVVCRGSDDEFSFCRALKGETVNTTVSFSFRGIRFSKGRYQCVVEAITGNTGEMLFCLNFTIIH,leaf,0dHWXLxkH0,30,0dHWXLxkH0,0.5330828,0dHWXLxkH0,,,,
37,XP_027417009,lymphocyte antigen 96 [Bos indicus x Bos taurus] >dbj|BAC67682.1| MD-2 [Bos taurus],ref|XP_027417009.1|,ref|XP_027417009.1| lymphocyte antigen 96 [Bos indicus x Bos taurus] >dbj|BAC67682.1| MD-2 [Bos taurus],0.18628339,4.92941e-75,1,160,12,171,Gm64bFzrKk,MFPFVLFSTLFSSIFTEPRENRWVCNSSDATVWYDYCDNLKFPVSIRSEPCITLKGSRGILYLYYIPRRDIRSLYFNIYLSTKSMNFPLRKEFICRGYDDDFSFCRALKGETVNTTIQFSFRGIRFSKGQYNCITEAIEGNTEEKLFCLNFTIIH,leaf,Gm64bFzrKk,21,Gm64bFzrKk,0.61449842,Gm64bFzrKk,,,,
38,,,,,0.0,,,,,,83nNkpvaIP,,root,0,,0,0.0,39,MLPFLFFSTLFSSIFTEAQKQHWVCNSSDASISYTYCDKMQYPISINVDPCIKLKGTKGLLHIFYIPRRDLKQLYFNLYITVNSMNLPKRKEVICRGSDDDYSFCRALKGETVNTTVSFSFKGIKFSKGRYKCVAEAISGSPEEMLFCLEFAIIH,0.9808645161290326,MLPFIFFSTLFSSIFTEAQKQHWVCNSSDASISYTYCDKMQYPISINVDPCIKLKGSKGLLHIFYIPRRDLKQLYFNLYITVNSMNLPKRKEVICRGSDDDYSFCRALKGETVNTTVPFSFKGIKFSKGRYKCVAEAISGSPEEMLFCLEFVIIH,0.9767548387096777
39,,,,,0.1331261,,,,,,BYGgkxvm6T,,node,1,0,1,0.1331261,40,MFPFMLFSTLFSSIFTEPGEQHWVCNSSDASISYTYCDNMKYPISINVEPCIKLKGTKGLLHIFYIPRRDLKQLYFNLYISVNSMELPKRKEVICRGSDDDYSFCRALKGETVNTTVSFSFKGIRFSKGRYKCVAEAISGSTEEMLFCLNFTIIH,0.9774967741935484,MFPFMLFSTLFSSIFTEPGKQHWVCNSSDASISYTYCDNMKYPISINVEPCIKLKGSKGLLHIFYIPRRDLKQLYFNLYISVNSMDLPKRKEVICRGSDDDYSFCRALKGETVNTTVPFSFKGIRFSKGRYKCVAEAIAGSTEEMLFCLNFTIIH,0.9718903225806453
40,,,,,0.04373937,,,,,,LbgoP3gmhR,,node,2,1,2,0.17686547,41,MFPFMLFSTLFSSIFTEPGEQHWVCNSSDASISYTYCDNMKYPISINVEPCITLKGTKGFLHIFYIPRRDLKKLYFNLYISVNSMELPKRKEVICRGSDDDYSFCRALKGETVNTTVSFSFKGIRFSKGQYRCVAEAIAGNTEEMLFCLNFTIIH,0.9862645161290321,MFPFMLFSTLFSSIFTEPGKQHWVCNSSDASISYTYCDNMKYPISINVEPCITLKGSKGLLHIFYIPRRDLKKLYFNLYISVNSMDLPKRKEVICRGSDDDYSFCRALKGETVNTTVPFSFKGIRFSKGQYRCVAEAIAGNTEEMLFCLNFTIIH,0.9765806451612902
41,,,,,0.00212594,,,,,,kaPIicvSlY,,node,3,2,3,0.17899141,42,MFPFMLFSTLFSSIFTEPGEQHWVCNSSDASISYTYCDNMKYPISINVEPCITLKGTKGFLHIFYIPRRDLKKLYFNLYISVNSMELPKRKEVICRGSDDDYSFCRALKGETVNTTVSFSFKGIRFSKGQYRCVAEAIAGNTEEMLFCLNFTIIH,0.9879806451612904,MFPFMLFSTLFSSIFTEPGKQHWVCNSSDASISYTYCDNMKYPISINVEPCITLKGTKGLLHIFYIPRRDLKKLYFNLYISVNSMDLPKRKEVICRGSDDDYSFCRALKGETVNTTVPFSFKGIRFSKGQYRCVAEAIAGNTEEMLFCLNFTIIH,0.9819483870967742
42,,,,,0.02448909,,,,,,vSQq7MOPqO,,node,4,3,4,0.2034805,43,MFPFMLFSTLFSSIFTEPGKQHWVCNSSDASISYTYCDNMEYPISINVEPCITLKGTKGFLHIFYIPRRDLKKLYFNLYISVNSMDLPKRKEVICRGSDDVYSFCRALKGETVNTTVSFSFKGIRFSKGQYRCVAEAIAGNTEEMLFCLNFTIIH,0.9881225806451612,MFPFMLFSTLFSSIFTEPGKQHWVCNSSDASISYTYCDNMEYPISINVEPCITLKGTKGLLHIFYIPRRDLKKLYFNLYISVNSMELPKRKEVICRGSDDVYSFCRALKGETVNTTVPFSFKGIRFSKGQYRCVAEAIAGNTEEMLFCLNFTIIH,0.9832000000000001
43,,,,,0.03016395,,,,,,N1UXr5LAVE,,node,5,4,5,0.23364445,44,MFPFMLFSTLFSSIFTEPGKQHWVCNSSDASISYTYCDNMEYPISINVEPCITLKGTKGLLHIFYIPRRDLNKLYFNLYISVNSMDLPKRKEVICRGSDDVYSFCRALKGETVNTTVSFSFKGIRFSKGQYRCVVEAIAGNTEEMLFCLNFTIIH,0.9799419354838714,MFPFMIFSTLFSSIFTEPGKQHWVCNSSDASISYTYCDNMEYPISINVEPCITLKGTKGLLHIFYIPRRDLNKLYFNLYISVNSMELPKRKEVICRGSDDVYSFCRALKGETVNTTVPFSFKGIRFSKGQYRCVVEAIAGNTEEMLFCLNFTIIH,0.9779612903225811
44,,,,,0.0430918,,,,,,k0B9PXLvQo,,node,6,4,6,0.24657230000000002,45,MFPFMLFSTLFSSIFTEPGKQYWVCNSSDASISYTYCDNMEYPISINVEPCITLTGTKGFLHIFYIPRRDIKKLYFNLYISVNSMDLPKRKEVICRGSDDVYSFCRALKGETVNTTISFSFKGIRFSKGRYRCVAEAIAGNTEEMLFCLNFTIIH,0.9847096774193548,MFPFMLFSTLFSSIFTEPGKQYWVCNSSDASISYTYCDHMEYPISINVEPCITLTGTKGFLHIFYIPRRDIKKLYFNLYISVNSMELPKRKEVICRGSDDVYSFCRALKGETVNTTVSFSFKGIRFSKGRYRCVAEAIAGNTEEMLFCLNFTIIH,0.9782838709677416
45,,,,,0.01911409,,,,,,CF6icNzwcq,,node,7,3,7,0.1981055,46,MFPFMLFSTLFSSIFTEPEEQHWVCNSSDASISYTYCDNMKYPISINVEPCITLKGTKGFLHIFYIPRRDLKKLYFNLYISVNSMELPKRKEVICRGSDDDYSFCRALKGETVNTTVPFSFKGIRFPKGQYRCVAEAIAGNTEEMLFCLNFTIIH,0.9903935483870969,MFPFMLFSTLFSSIFTEPEKQHWVCNSSDASISYTYCDNMKYPISINVEPCITLKGTKGFLHIFYIPRRDLKKLYFNLYISVNSMDLPKRKEVICRGSDDDYSFCRALKGETVNTTVPFSFKGIRFPKGQYRCVAEAIAGNTEEMLFCLNFTIIH,0.988058064516129
46,,,,,0.05081366,,,,,,zCQfNB8c1v,,node,8,7,8,0.24891916,47,MLPFMLFSTLFSSIFTEPEEQHWVCNSSDATISYTYCDNMKYPISINTEPCITLKGTKGFLHIFYIPRRDLKKLYFNLYISVNSMELPKRKEVICRGSDDEYSFCRALKGETVNTTVPFSFKGIRFPKGQYRCVAEAIAGDTEEKLFCLNFTIIH,0.9913032258064514,MLPFMLFSTLFSSIFTEPEEQHWVCNSSDATISYTYCDNMKFPISINVEPCITLKGTKGFLHIFYIPRRDLKKLYFNLYISVNSMELPKRKEVICRGSDDEYSFCRALKGETVNTTVPFSFKGIRFPKGQYRCVAEAIAGDTEEKLFCLNFTIIH,0.9846258064516127
47,,,,,0.01085291,,,,,,TjoTwElazO,,node,9,8,9,0.25977207,48,MLPFMLFSTLFSSIFTEPEEQHWVCNSSDATISYTYCDNMKFPISINTEPCITLKGTKGFLHIFYIPRRDLKKLYFNLYISVNSMELPKRKEVICRGSDDEYSFCRALKGETVNTTVPFSFKGIRFPKGQYRCVAEAIAGDTEEKLFCLNFTIIH,0.9882064516129032,MLPFMLFSTLFSSIFTEPEEQHWVCNSSDATISYTYCDNMKFPISINVEPCITLKGTKGFLHIFYIPRRDLKKLYFNLYISVNSMELPKRKEVICRGSDDEYSFCRALKGETVNTTVPFSFKGIRFPKGRYRCVAEAIAGDTEEKLFCLNFTIIH,0.9828193548387096
48,,,,,0.01869928,,,,,,Hlrvhabql3,,node,10,9,10,0.27847135,49,MLPFMLFSTLFSSIFTEPEEQHWVCNSSDATISYTYCDNMKFPISINTEPCITLKGTNGFLHIFYIPRRDLKKLYFNLYISVNSMELPKRKEVICRGYDDEYSFCRALKGETVNTTVPFSFKGIRFPKGQYRCVAEAIAGDTEEKLFCLNFTIIH,0.9893032258064515,MLPFMLFSTLFSSIFTEPEEQHWVCNSSDATISYTYCDNMKFPISINVEPCITLKGTNGFLHIFYIPRRDLKKLYFNLYISVNSMELPKRKEVICRGYDDEYSFCRALKGETVNTTVPFSFKGIRFPKGRYRCVAEAIAGDTEEKLFCLNFTIIH,0.9840967741935481
49,,,,,0.01780869,,,,,,sKpCWEaWVI,,node,11,10,11,0.29628003999999997,50,MLPFMLFSTLFSPIFTEPEEQHWVCNSSDATISYTYCDNMKFPISINTEPCITLKGTNGFLHIFFIPRRDLKKLYFNLYISVNSMELPKRKEVICRGYDDEYSFCRALKGETVNTTVPFSFKGIRFPKGQYRCVAEAIAGDTEEKLFCLNFTIIH,0.9856193548387098,MLPFMLFSTLFSPIFTEPEEQHWVCNSSDATISYTYCDNMKFPISINVEPCITLKGTNGFLHIFYIPRRDLKKLYFNLYISVNSMELPKRKEVICRGYDDEYSFCRALKGETVNTTVPFSFKGIRFPKGRYRCVAEAIAGDTEEKLFCLNFTIIH,0.9784451612903227
50,,,,,0.1548578,,,,,,iYwkrWhNA7,,node,12,11,12,0.4511378399999999,51,MLPFMLFSTLFSPIFTEPEEQHWICNSSDASISYTYCDNMKFPISINVTPCLTLKGSSGSLHIFFIPRRDLKKLYFNLYISFNSMKLPKRKEVICRGYDDEYSFCRALKGETVNATVPFSFKGIRFAKGRYNCVAEAITGDTEERLFCLNFTIMH,0.9553870967741925,MLPFMLFSTLFSPIFTEPEEHHWICNSSDATISYTYCDNMKFPISVNITPCLTLKGSSGTLHIFFIPRRDLKKLYFNLYISFHSMNLPKRKEVICRGYDDEYSFCRALKGETVNATVPFSFKGIRFSKGRYSCVAEAITGDTEERLFCLNFTIIH,0.9375548387096763
51,,,,,0.05499546,,,,,,DDxRuYwdtg,,node,13,11,13,0.35127549999999996,52,MLPFILFSTLFSPIFTESEEQHWVCNSSDATISYTYCDNMKFPISISTEPCITLKGTNGFLHIVFIPRRDLKKLYFNLFISVNSMELPKRKEVICRGYDDDYSFCRALKGETVNTTVPFSFKGILFPKGQYRCVAEAIAGDTEEKLFCLNFTIIH,0.977122580645161,MLPFILFSTLFSPIFTESEEQQWVCNSSDATISYTYCDNMKFPISISAEPCITLKGTNGFLHIFFIPRRDLKKLYFNLYISVNSMELPKRKEVICRGYDDDYSFCRALKGETVNTTVPFSFKGILFPKGQYRCVAEAIAGDTEEKLFCLNFTIIH,0.9690709677419352
52,,,,,0.03637228,,,,,,E9IVySURwQ,,node,14,2,14,0.21323775,53,MFPFMLFSTLFSSIFTEPGEQHWICNSSDASIWYTYCDNMKYPISINVEPCITLKGSKGHLHIFYIPRRDIKKLYFNLYISVNSMELPKRKEVICRGSDDDYSFCRALKGETVNTTVSFSFKGIRFSKGQYRCVAEAIAGNTEEMLFCLNFTIIH,0.9799677419354835,MFPFMLFSTLFSSIFTEPGEQHWVCNSSDASVWYTYCDNMKYPISINVEPCITLKGSKGYLHIFYIPRRDLKKLYFNLYISVNSMDLPKRKEVICRGSDDDYSFCRALKGETVNTTVPFSFKGIRFSKGQYRCVAEAIAGNTEEMLFCLNFTIIH,0.9711870967741933
53,,,,,0.04769425,,,,,,NLrn2zEjjt,,node,15,14,15,0.260932,54,MFPFMLFSTLFSSIFTEPGEQHWICNSSDASIWYTYCDNMKYPISINVEPCITLKGSKGYLHIFYIPRRDIKKLYFNLYLSFNSMEFPMRKEVICRGSDDDYSFCRALKGETVNTTVSFSFKGIRFSKGQYRCVAEAIAGNTEEMLFCLNFTIIH,0.9856,MFPFMLFSTLFSSIFTEPGEQHWICNSSDASVWYTYCDNMKYPISINVEPCITLKGSKGHLHIFYIPRRDIKKLYFNLYLSFNSMNFPMRKEVICRGSDDDYSFCRALKGETVNTTVSFSFKGIRFSKGQYRCVAEAIAGNTEEMLFCLNFTIIH,0.9838129032258064
54,,,,,0.00863258,,,,,,MQZ5zS3h3R,,node,16,15,16,0.26956458,55,MFPFMLFSTLFSSIFTEPGEQHWICNSSDASVWYTYCDNMKYPISINVEPCITLKGSKGYLHIFYIPRRDIKKLYFNLYLSFNSMNFPMRKEVICRGSDDDYSFCRALKGETVNTTVSFSFKGIRFSKGQYRCVAEAIAGNTEEMLFCLNFTIIH,0.9943548387096774,MFPFMLFSTLFSSIFTEPGEQHWICNSSDASIWYTYCDNMKYPISINVEPCITLKGSKGYLHIFYIPRRDIKKLYFNLYLSFNSMNFPMRKEVICRGSDDDYSFCRALKGETVNTTVSFSFKGIRFSKGQYRCVAEAIAGNTEEMLFCLNFTIIH,0.993458064516129
55,,,,,0.01288735,,,,,,H6Ybkt9w9P,,node,17,16,17,0.28245193,56,MFPFMLFSTLFSSIFTEPGEQHWICNSSDASVWYTYCDNMKFPISINVEPCITLKGSKGYLHLFYIPRRDIKKLYFNLYLSFNSMNFPMRKEVICRGSDDDYSFCRALKGETVNTTVSFSFKGIRFSKGQYRCVAEAIAGNTEEMLFCLNFTIIH,0.993090322580645,MFPFMLFSTLFSSIFTEPGEQHWICNSSDASIWYTYCDNMKYPISINVEPCITLKGSKGYLHIFYIPRRDIKKLYFNLYLSFNSMNFPMRKEVICRGSDDDYSFCRALKGETVNTTVSFSFKGIRFSKGQYRCVAEAIAGNTEEMLFCLNFTIIH,0.9826838709677418
56,,,,,0.00728407,,,,,,LhyywhpKcx,,node,18,17,18,0.289736,57,MFPFMLFSTLFSSIFTEPGEQHWICNSSDASVWYTYCDNMKFPISINVEPCITLKGSKGYLHLFYIPRRDIKKLYFNLYLSFNSMNFPVRKEVICRGSDDDYSFCRALKGETVNTTVSFSFKGIRFSKGQYRCVAEAIAGNTEEMLFCLNFTIIH,0.9934709677419351,MFPFMLFSTLFSSIFTEPGEQHWICNSSDASIWYTYCDNMKFPISINVEPCITLKGSKGYLHIFYIPRRDIKKLYFNLYLSFNSMNFPVRKEVICRGSDDDYSFCRALKGETVNTTVSFSFKGIRFSKGQYRCVAEAIAGNTEEMLFCLNFTIIH,0.9862838709677417
57,,,,,0.02163226,,,,,,3Cis8bBQje,,node,19,18,19,0.31136826,58,MFPFMLFSTLFSSIFTEPGEQHWICNSSDASVWYTYCDNMKFPISINVEPCITLKGSRGYLHLFYIPRRDIKKLYFNLYLSFNSMNFPVRKEVICRGSDDDYSFCRALKGETVNTTISFSFKGIRFSKGQYRCVAEAIAGNTEEKLFCLNFTIIH,0.9864193548387096,MFPFMLFSTLFSSIFTEPGEQHWICNSSDASIWYTYCDNMKFPISINVEPCITLKGSKGYLHIFYIPRRDIKKLYFNLYLSFNSMNFPVRKEVICRGSDDDYSFCRALKGETVNTTVSFSFKGIRFSKGQYRCIAEAIAGNTEERLFCLNFTIIH,0.9673677419354839
58,,,,,0.06429375,,,,,,JdZIV3Vbu3,,node,20,19,20,0.37566201,59,MFPFMLFSTLFSSIFTEPGEKHWICNSSDASVWYSYCDNMKFPISINTEPCITLKGSRGYLYLYYIPRRDIKKLYFNLYLSFKSMNFPVRKEVICRGSDDDYSFCRALKGETVNTTISFSFKGIRFSKGQYNCVAEAIAGNTEERLFCLNFTIIH,0.9794258064516126,MFPFMLFSTLFSSIFTEPGEKHWICNSSDASIWYNYCDNLKFPISINTEPCITLKGSRGYLYLYYIPRRDIKKLYFNLYLSFKSMNFPVRKEVICRGSDDDYSFCRALKGETVNTTISFSFKGIRFSKGQYNCIAEAIAGNTEEKLFCLNFTIIH,0.9671677419354838
59,,,,,0.05255302,,,,,,yqQeQayee8,,node,21,20,21,0.42821502999999994,60,MFPFMLFSTLFSSIFTEPGEKHWICNSSDASVWYSYCDNLKFPISINSEPCITLKGSRGYLYLYYIPRRDIKSLYFNIYLSFKSMNFPVRKEVICRGSDDDYSFCRALKGETVNTTISFSFKGIRFSKGQYNCITEAIAGNTEERLFCLNFTIIH,0.9805354838709676,MFPFMLFSTLFSSIFTEPGEKHWICNSSDASVWYNYCDNLKFPISINSEPCITLKGSRGNLYLYYIPRRDIKSLYFNIYLSFKSMNFPVRKEVICRGSDDDYSFCRALKGETVNTTISFSFKGIRFSKGQYNCITEAIAGNTEEKLFCLNFTIIH,0.973406451612903
60,,,,,0.09380238,,,,,,UWiUZkaE7y,,node,22,19,22,0.40517064,61,MFPFMLFSTLFSSIFTEPAEQHWICNSSDTDIWYTYCDNMKFPISLNVNPCITLKGSRGYLHIFYIPRRDIKKLYFNLYLSFNSMNFPVRKEVICHGSDDEYSFCRALKGETVNTTISFSFKGIRFSKGQYRCIAEAITGHTEEKLFCLNFTIIH,0.986348387096774,MFPFMLFSTLFSSIFTEPAEQHWICNSSDTDIWYTYCDNMKFPISLNVNPCITLKGSRGYLHIFYIPRRDIKKLYFNLYLSFNSMNFPVRKEVICHGSDDEYSFCRALKGETVNTTISFSFKGIRFSKGQYRCIAEAISGYTEEKLFCLNFTIIH,0.9836322580645159
61,,,,,0.06711157,,,,,,6fUUGacvjb,,node,23,17,23,0.3495635,62,MFPFMLFSTLFSSIFTEPGEQHWICNSSDSSVWYTYCDNMKVPISIDVKPCITLKGSKGYLHLSYIPRRDIKKLYFNLYLSFNSMNFPMRKEVICRGSDDVYSFCRALKGETVNTTVSFSFRGIRFSKGQYRCVAEAISGDTEEMLFCLNFTIIH,0.9878516129032259,MFPFMLFSTLFSSIFTEPGEQHWICNSSDASVWYTYCDNMKVPISIDLKPCITLKGSKGYLHLSYIPRRDIKKLYFNLYLSFNSMNFPMRKEVICRGSDDVYSFCRALKGETVNTTVSFSFRGIRFSKGQYRCVAEAIAGNTEEMLFCLNFTIIH,0.9795161290322582
62,,,,,0.02630812,,,,,,75nmnr50hB,,node,24,23,24,0.37587162,63,MFPFMLFSTLFSSIFTEPGEQHWICNSSDSSVWYTYCDNMKVPISIDVKPCITLKGSKGYLHLSYIPRRDIKKLYFNLYLSFNSMHFPMRKEVICRGSDDVYSFCRALKGETVNTTVSFSFRGIRFSKGQYRCVAEAISGDPEEMLFCLNFTIIH,0.993116129032258,MFPFMLFSTLFSSIFTEPGEQHWICNSSDSSVWYTYCDNMKVPISIDLKPCITLKGSKGYLHLSYIPRRDIKKLYFNLYLSFNSMHFPMRKEVICRGSDDLYSFCRALKGETVNTTVSFSFRGIRFSKGQYRCVAEAISGDPEEMLFCLNFTIIH,0.9893032258064515
63,,,,,0.03142943,,,,,,GD1fHOMNx4,,node,25,24,25,0.40730105000000005,64,MFSFMLFSTLFSSIFTEPGEQHWICNSSDSSVWYTYCDNMKVPISIDPKPCITLKGSKGYLHLSYIPRRDIKKLYFNLYLSFNSMHFPMRKEVICRGSDDVYSFCRALKGETVNTAVSFSFRGIRFSKGRYRCVAEAISGDPEEMLFCLNFTIIH,0.9907419354838709,MFTFMLFSTLFSSIFTEPGEQHWICNSSDSSVWYTYCDNMKVPISIDPKPCITLKGSKGYLHLSYIPRRDIKKLYFNLYLSFNSMHFPMRKEVICRGSDDLYSFCRALKGETVNTAVSFSFRGIRFSKGRYRCVAEAISGDPEEMLFCLNFTIIH,0.9886258064516129
64,,,,,0.01821406,,,,,,miaUEc021Y,,node,26,24,26,0.39408568,65,MFPFMLFSTLFSSIFTEPGEQHWICNSSDSSVWYTYCDNMKVPISIDVKPCITLKGSKGYLHISYIPRRDIKKLYFNLYLSFHSMHFPMRKEVICRGSDDLYSFCRALKGETVNTTVSFSFRGIRFSKGQYRCVAEAISGDPEEMLFCLNFTIIH,0.996006451612903,MFPFMLFSTLFSSIFTEPGEQHWICNSSDSSVWYTYCDNMKVPISIDLKPCITLKGSKGYLHISYIPRRDIKKLYFNLYLSFHSMHFPMRKEVICRGSDDLYSFCRALKGETVNTTVSFSFRGIRFSKGQYRCVAEAISGDPEEMLFCLNFTIIH,0.9936064516129032
65,,,,,0.02038874,,,,,,WXIkK4XvgM,,node,27,23,27,0.36995224000000004,66,MFPFMLFSTLFSSIFTEPGEQHWICNSSDSSVWYTYCDNMKVPISIDVKPCITMKGSKGYLHLSYIPRRDIKKLYFNLYLSFNSMNLPMRKEVICRGSDDVYSFCRALKGETVNTTVSFSFRGIRFSKGQYRCVAEAISGDTEEMLFCLNFTIIH,0.9850258064516129,MFPFMLFSTLFSSIFTEPGEQHWICNSSDASVWYTYCDNMKVPISIDIKPCITMKGSKGYLHLSYIPRRDIKKLYFNLYLSFNSMNLPMRKEVICRGSDDVYSFCRALKGETVNTTVSFSFRGIRFSKGQYRCVAEAIAGNTEEMLFCLNFTVIH,0.9750774193548387
66,,,,,0.07116126,,,,,,MxjMqoIGdk,,node,28,27,28,0.44111349999999994,67,MFPFILFSTLFSSIFTEPGEQQWICNSSDSSVWYSHCDNMKVPISIDIKPCLTMKGSKGYLHLSFIPRRDIKKLYFNLYLSINSMNLPMRKEVICRGSDDVYSFCRALKGETVNTTVSFSFRGIRFSKGQYRCVAEAISGNTEEMLFCLNFTIIH,0.9836387096774195,MFPFILFSTLFSSIFTEPGEQQWICNSSDSSVWYSHCDNMKVPISIDIKPCMTMKGSRGYLHLSFIPRRDIKKLYFNLYLSINSMNLPMRKEVICRGSDDVYSFCRALKGETVNTTVSFSFRGIRFSKGQYRCVAEAIAGNTEEMLFCLNFTVIH,0.9788258064516132
67,,,,,0.01799701,,,,,,rz3wPlBKOs,,node,29,16,29,0.28756159000000003,68,MFPLMLFSTLFSSIFTEPGEQHWICNSSDASVWYTYCDNMKYPISINVEPCITLKGSKGYLHIFYIPRRDIKKLYFNLYLSFNSMNFPMRKEVICRGSDDDYSFCRALKGETVNTTVSFSFKGIRFSKGQYRCVVEAIAGNTEEMLFCLNFTIIH,0.9895935483870966,MFPLMLFSTLFSSIFTEPGEQHWICNSSDASIWYTYCDNMKYPISINVEPCITLKGSKGYLHIFYIPRRDIKKLYFNLYLSFNSMNFPMRKEVICRGSDDDYSFCRALKGETVNTTVSFSFKGIRFSKGQYRCVVEAITGNTEEMLFCLNFTIIH,0.9886903225806449
68,,,,,0.03006144,,,,,,x8t29wgutz,,node,30,29,30,0.31762303000000003,69,MFPLMLFSTLFSSTFTEPGEQHWICNSSDASVWYTYCDNMKYPISINTEPCITLKGSKGYLHIFYIPRRDIKKLYFNLYLSFNSMNFPMRKEVICRGSDDDYSFCRALKGETVNTTVSFSFKGIRFSKGRYRCVVEAITGNTEEMLFCLNFTIIH,0.980516129032258,MFPLMLFSTLFSSTFTEPGEQHWICNSSDASIWYTYCDNMKYPISIKTEPCITLKGSKGYLHIFYIPRRDIKKLYFNLYLSFNSMNFPMRKEVICRGSDDDYSFCRALKGETVNTTVSFSFKGIRFSKGRYRCVVEAIAGNTEEMLFCLNFTIIH,0.9787548387096774
69,,,,,0.03723139,,,,,,3GxZYE52FN,,node,31,30,31,0.35485442,70,MFPLMLFSTLFSSTFTEPGEQHWICNSSDASVWYTYCDNMKYPISINTEPCITLKGSKGYLHIFYIPRRDIKKLYFNLYLSFNTMNFPMRKEVICRGSDDDYSFCRALKGETVNTSVPFSFKGILFSKGRYRCVVEAITGNTEEMLFCLNFTIIH,0.9741225806451613,MFPLMLFSTLFSSTFTEPGEQHWICNSSDASIWYTYCDNMKYPISIKSEPCITLKGSKGYLHIFYIPRRDIKKLYFNLYLSFNTMNFPMRKEVICRGSDDDYSFCRALKGETVNTTVPFSFKGILFSKGRYRCVVEAIAGNTEEMLFCLNFTIIH,0.9682193548387099
70,,,,,0.03551692,,,,,,KxLyQdiX2f,,node,32,14,32,0.24875467,71,MFPFMLFSTLFSSIFTEPGEQHWICNSSDASIWYTYCDNMKYPISINVTPCITLKGSKGHLHIYYIPRRDIKKLYFNLYISVNSLELPKRKEVICRGSDDDYSFCRALKGETVNTTVPFSFKGIRFSKGQYRCVAEAIAGNTEEMLFCLNFTIIH,0.9727548387096774,MFPFMLFSTLFPSIFTEPGEQHWVCNSSDASVWYTYCDNMKYPISINITPCITLKGSKGHLHIYYIPRRDLKKLYFNLYISVNSMDLPKRKEVICRGSDDDYSFCRALKGETVNTTVSFSFKGIRFSKGQYRCVAEAISGSTEEMLFCLNFTIIH,0.9530774193548389
71,,,,,0.04800781,,,,,,d4q1DSrs5X,,node,33,32,33,0.29676248,72,MFPFMLFSTLFPSIFTEPGEQHWICNSSDLSVWYTYCDNMKYPISLNLTPCITLKGSKGHLHIYYIPRRDIKKLYFNLYISVNSLDLPKRKEVICRGSDDDYSFCRALKGETVNTTVPFSFKGIKFSKGQYRCVAEAIAGSTEEMLFCLNFTIIH,0.9752000000000001,MFPFMLFSTLFPSIFTEPGEQHWVCNSSDLSIWYTYCDNMKYPISINLTPCITLKGSKGHLHIYYIPRRDIKKLYFNLYISVNSLDLPKRKEVICRGSDDDYSFCRALKGETVNTTISFSFKGIKFSKGQYRCVAEAISGSTEEMLFCLNFTLIH,0.9610451612903224
72,,,,,0.04531309,,,,,,JOC5sR8RGA,,node,34,33,34,0.34207557,73,MFPFMLFSTLFPSIFTEPGEQHWICNSSDLSVWYTYCDNMKYPISLNLTPCITLKGSKGHLHISYIPRRDIKKLYFNLYVSVNSLDFPKRKEVICRGSDDDYSFCRALKGETVNTTVSFSFKGIKFSKGQYRVVAEAIAGSTEEMLFCLNFTIIH,0.9758322580645162,MFPFMLFSTLFPSIFTEPGEQHWICNSSDLSVWYTYCDNMKYPISINLTPCITLKGSKGHLHISYIPRRDIKKLYFNLYISVNSLDFPKRKEVICRGSDDDYSFCRALKGETVNTTISFSFKGIKFSKGQYRVVAEAITGSTEEMLFCLNFTLIH,0.9664322580645163
73,,,,,0.04652196,,,,,,X6nQh5DgIU,,node,35,33,35,0.34328444,74,MFPFVLFSTLFPSIFTEPGEQRWVCNSSDLSVWYTYCDNMKYPISLNLTPCITLKGSKGHLHIYYIPRRDIKKLYFNLYISVNSINLPKRKEVICRGSDDDYSFCRALKGETVNTTIPFSFKGIKFSKGQYRCVAEAISGSTEEMLFCLNFTLIH,0.9772193548387096,MFPFVLFSTLFPSIFTEPGEQRWVCNSSDLSIWYTYCDNMKYPISLNLTPCITLKGSKGHLHIYYIPRRDIKKLYFNLYISVNSIDLPKRKEVICRGSDDDYSFCRALKGETVNTTIPFSFKGIKFSKGQYRCVAEAITGSTEEMLFCLNFTIIH,0.9716903225806449
