,accession,hit_def,hit_id,title,length,e_value,sequence,subject_start,subject_end,query_start,query_end,uid
0,NP_056179,"lymphocyte antigen 96 isoform 1 precursor [Homo sapiens] >sp|Q9Y6Y9.2| RecName: Full=Lymphocyte antigen 96; Short=Ly-96; AltName: Full=ESOP-1; AltName: Full=Protein MD-2; Flags: Precursor [Homo sapiens] >gb|AKI71616.1| LY96, partial [synthetic construct] >gb|EAW87024.1| lymphocyte antigen 96 [Homo sapiens]",ref|NP_056179.4|,"ref|NP_056179.4| lymphocyte antigen 96 isoform 1 precursor [Homo sapiens] >sp|Q9Y6Y9.2| RecName: Full=Lymphocyte antigen 96; Short=Ly-96; AltName: Full=ESOP-1; AltName: Full=Protein MD-2; Flags: Precursor [Homo sapiens] >gb|AKI71616.1| LY96, partial [synthetic construct] >gb|EAW87024.1| lymphocyte antigen 96 [Homo sapiens]",160,1.12596e-114,MLPFLFFSTLFSSIFTEAQKQYWVCNSSDASISYTYCDKMQYPISINVNPCIELKRSKGLLHIFYIPRRDLKQLYFNLYITVNTMNLPKRKEVICRGSDDDYSFCRALKGETVNTTISFSFKGIKFSKGKYKCVVEAISGSPEEMLFCLEFVILHQPNSN,1,160,10,169,6MlAvpyx5y
1,NP_001123946,"lymphocyte antigen 96 precursor [Pan troglodytes] >ref|NP_001266149.1| lymphocyte antigen 96 precursor [Pan paniscus] >gb|AAF89635.1| ESOP1 [Homo sapiens] >gb|AIC51010.1| LY96, partial [synthetic construct] >emb|SJX40458.1| unnamed protein product, partial [Human ORFeome Gateway entry vector] >gb|AAH20690.1| Lymphocyte antigen 96 [Homo sapiens] >gb|PNI56279.1| LY96 isoform 1 [Pan troglodytes]",ref|NP_001123946.1|,"ref|NP_001123946.1| lymphocyte antigen 96 precursor [Pan troglodytes] >ref|NP_001266149.1| lymphocyte antigen 96 precursor [Pan paniscus] >gb|AAF89635.1| ESOP1 [Homo sapiens] >gb|AIC51010.1| LY96, partial [synthetic construct] >emb|SJX40458.1| unnamed protein product, partial [Human ORFeome Gateway entry vector] >gb|AAH20690.1| Lymphocyte antigen 96 [Homo sapiens] >gb|PNI56279.1| LY96 isoform 1 [Pan troglodytes]",160,2.06316e-113,MLPFLFFSTLFSSIFTEAQKQYWVCNSSDASISYTYCDKMQYPISINVNPCIELKGSKGLLHIFYIPRRDLKQLYFNLYITVNTMNLPKRKEVICRGSDDDYSFCRALKGETVNTTISFSFKGIKFSKGKYKCVVEAISGSPEEMLFCLEFVILHQPNSN,1,160,10,169,gBEJjJdnSI
2,XP_002819229,lymphocyte antigen 96 [Pongo abelii] >gb|PNJ54372.1| LY96 isoform 1 [Pongo abelii] >dbj|BAG55279.1| MD2 protein [Pongo pygmaeus],ref|XP_002819229.1|,ref|XP_002819229.1| lymphocyte antigen 96 [Pongo abelii] >gb|PNJ54372.1| LY96 isoform 1 [Pongo abelii] >dbj|BAG55279.1| MD2 protein [Pongo pygmaeus],160,5.47902e-113,MLPFLFFSTLFSSIFTEAQKQYWVCNSSDASISYTYCDKMQYPISININPCIELKGSKGLLHIFYIPRRDLKQLYFNLYITVNTMNLPKRKEVICRGSDDDYSFCRALKGETVNTTVSFSFKGIKFSKGKYKCVVEAISGSPEEMLFCLEFVILHQPNSN,1,160,10,169,Wmw8hapokn
3,AKI71615,"LY96, partial [synthetic construct]",gb|AKI71615.1|,"gb|AKI71615.1| LY96, partial [synthetic construct]",160,8.49845e-113,MLPFLFFSTLFSSIFTEAQKQYWVCNSSDASISYAYCDKMQYPISINVNPCIELKGSKGLLHIFYIPRRDLKQLYFNLYITVNTMNLPKRKEVICRGSDDDYSFCRALKGETVNTTISFSFKGIKFSKGKYKCVVEAISGSPEEMLFCLEFVILHQPNSN,1,160,10,169,H9VXNois2y
4,NP_001266676,lymphocyte antigen 96 precursor [Gorilla gorilla] >dbj|BAG55278.1| MD2 protein [Gorilla gorilla],ref|NP_001266676.1|,ref|NP_001266676.1| lymphocyte antigen 96 precursor [Gorilla gorilla] >dbj|BAG55278.1| MD2 protein [Gorilla gorilla],160,1.15554e-112,MLPFLFFSTLFSSTFTEAQKQYWVCNSSDASISYTYCDKMQYPISINVNPCIELKGSKGLLHIFYIPRRDLKQLYFNLYITVNTMNLPKRKEVICRGSDDDYSFCRALKGETVNTTISFSFKGIKFSKGKYKCVVEAISGSPEEMLFCLEFVILHQPNSN,1,160,10,169,XTsM3fwpov
5,XP_011792572,PREDICTED: lymphocyte antigen 96 isoform X1 [Colobus angolensis palliatus],ref|XP_011792572.1|,ref|XP_011792572.1| PREDICTED: lymphocyte antigen 96 isoform X1 [Colobus angolensis palliatus],160,4.38334e-109,MLPFLFFSTLFSSIFTEAQKHYWVCNSSDASISYTYCDKMQYPISINVNPCIELKGSRGLLHIFYIPRRDLKQLYFNLYITVNSMTLPKRKEVICRGSDDDYSFCRALKGETVNTTVPFSFRGIKFSKGKYKCVVEAISGSPEEMLFCLEFVIIHQPNSN,1,160,10,169,7xZsg7s5hM
6,XP_003269495,PREDICTED: lymphocyte antigen 96 isoform X1 [Nomascus leucogenys],ref|XP_003269495.1|,ref|XP_003269495.1| PREDICTED: lymphocyte antigen 96 isoform X1 [Nomascus leucogenys],160,4.58001e-109,MLPFLFFSTLFSSIFTEPQKQYWVCNSSDASISYTYCDKMQYPISININPCIELKGSKGLLHIFYIPRRDLKQLYFNLHITVNTMKLPKRKEVICRGSDDDYSFCRALKGETVNTTVSFSFKGIKFSKGRYKCVVEAISGSPEETLFCLEFVILHQPNSN,1,160,10,169,JQLen88kVW
7,XP_007999098,PREDICTED: lymphocyte antigen 96 isoform X1 [Chlorocebus sabaeus],ref|XP_007999098.1|,ref|XP_007999098.1| PREDICTED: lymphocyte antigen 96 isoform X1 [Chlorocebus sabaeus],160,3.97782e-108,MLPFLFFSTLFSSIFTEAQKHYWVCNSSDASISYTYCDKMQYPISINVNPCIKLKGSRGLLHIFYIPRRDVKQLYFNLYITVNSMTLPKRKEVICRGSDDDYSFCRALKGETVNTTVPFSFKGIKFSKGKYKCIVEAISGSPEEMLFCLEFVIIHQPNSN,1,160,10,169,u3pmXxFaa5
8,XP_010364303,PREDICTED: lymphocyte antigen 96 [Rhinopithecus roxellana],ref|XP_010364303.1|,ref|XP_010364303.1| PREDICTED: lymphocyte antigen 96 [Rhinopithecus roxellana],160,2.08545e-107,MLPFLFFSTLFSSIFTEAQKHYWVCNSSDASISYTYCDKMQYPISINVNPCIELKGSRGLLHIFYIPRRDLKQLYFNLNITVNSMTLPKRKEVICRGSDDDYSFCRALKGETVNTTVPFSFKGIKFSKGKYKCVVEAISGSPEEILFCLEFVIIHQPNSN,1,160,10,169,JJ182LSSiC
9,XP_023039859,lymphocyte antigen 96 isoform X1 [Piliocolobus tephrosceles],ref|XP_023039859.1|,ref|XP_023039859.1| lymphocyte antigen 96 isoform X1 [Piliocolobus tephrosceles],160,3.2345e-107,MLPFLFFSTLFSSIFTEAQKHYWVCNSSDASISYTYCDKIQYPISINVNPCIELKGSRGLLHIFYIPRRDLKQLYFNLYITVNSMTLPKRKEVICRGSDDSYSFCRALKGETVNTTVPFSFKGIKFSKGKYKCVVEAISGSPEEMLFCLKFVIIHQPNSN,1,160,10,169,20Zrvm9EBD
10,XP_017707122,PREDICTED: lymphocyte antigen 96 isoform X1 [Rhinopithecus bieti],ref|XP_017707122.1|,ref|XP_017707122.1| PREDICTED: lymphocyte antigen 96 isoform X1 [Rhinopithecus bieti],160,1.00142e-106,MLPFLFFSTLFSSIFTEAQKHYWVCNSSDASISYTYCDKMQYPISINVNPCIELKGSRGLLHIFYIPRRDLKQLYFNLNITVNSMTLPKRKEVICQGSDDDYSFCRALKGETVNTTVPFSFKGIKFSKGKYKCVVEAISGSPEEILFCLEFVIIHQPNSN,1,160,10,169,ZahnSBBAKk
11,XP_025250257,lymphocyte antigen 96 isoform X1 [Theropithecus gelada],ref|XP_025250257.1|,ref|XP_025250257.1| lymphocyte antigen 96 isoform X1 [Theropithecus gelada],160,5.73141e-106,MLPFLFLSTLFSFIFTEAQKHYWVCNSSDASISYTYCDKMQYPISINVNPCIKLKGSRGLLHIFYIPRRDVKQLYFNLYITVNSMTLPKRKEVICRGSDDDYSFCRALKGETVNTTVSFSFRGIKFSKGKYKCVVEAISGSPEEMLFCLEFDIIHQPNSN,1,160,10,169,f4TsxGrAna
12,XP_002759156,PREDICTED: lymphocyte antigen 96 isoform X1 [Callithrix jacchus],ref|XP_002759156.1|,ref|XP_002759156.1| PREDICTED: lymphocyte antigen 96 isoform X1 [Callithrix jacchus],160,3.18665e-102,MLPFIIFSTLFSSMFTEAQKQHWICNSSDASISYTYCDKMQYPISINIDPCIKLTGTKGLLHIFYIPRRDLKQLYFNLYITVNSMNLPKRKEVICPGSDDDYSFCRALKGETLNITIPFSFKGIKFSKGRYKCVAEAISGSPEEMLFCLEFVIIHHPNSN,1,160,10,169,Pp3zCF1RzR
13,2E56_A,"Chain A, Lymphocyte Antigen 96 [Homo sapiens] >pdb|2E59|A Chain A, Lymphocyte Antigen 96 [Homo sapiens] >pdb|4G8A|C Chain C, Lymphocyte Antigen 96 [Homo sapiens] >pdb|4G8A|D Chain D, Lymphocyte Antigen 96 [Homo sapiens]",pdb|2E56|A,"pdb|2E56|A Chain A, Lymphocyte Antigen 96 [Homo sapiens] >pdb|2E59|A Chain A, Lymphocyte Antigen 96 [Homo sapiens] >pdb|4G8A|C Chain C, Lymphocyte Antigen 96 [Homo sapiens] >pdb|4G8A|D Chain D, Lymphocyte Antigen 96 [Homo sapiens]",144,1.6131e-101,EAQKQYWVCNSSDASISYTYCDKMQYPISINVNPCIELKGSKGLLHIFYIPRRDLKQLYFNLYITVNTMNLPKRKEVICRGSDDDYSFCRALKGETVNTTISFSFKGIKFSKGKYKCVVEAISGSPEEMLFCLEFVILHQPNSN,1,144,26,169,0rYQT1DmpY
14,XP_003940741,PREDICTED: lymphocyte antigen 96 [Saimiri boliviensis boliviensis],ref|XP_003940741.1|,ref|XP_003940741.1| PREDICTED: lymphocyte antigen 96 [Saimiri boliviensis boliviensis],160,1.9906e-101,MLPFIFFSTLFSCMFTEAQKQHWICNSSDASISYTYCDKMQYPISINIDPCIKLTGTKGLLHIFYIPRRDLKQLYFNLYITVNSMNLPKRKEVICPGSDDDYSFCRALKGETLNITVPFSFKGIKFSKGRYKCIAEAISGSPEEMLFCLEFVIIHHPNSN,1,160,10,169,vWyJ199lXZ
15,XP_012306332,lymphocyte antigen 96 [Aotus nancymaae],ref|XP_012306332.1|,ref|XP_012306332.1| lymphocyte antigen 96 [Aotus nancymaae],160,2.01256e-101,MLPFIFFSTLFSSMFTEAQKQHWICNSSDASISYTYCDKMQYPISINIDPCIKLTGTRGLLHIFYIPRRDLKQLYFNLYITVNSMNLPKRKEVICPGSDDDYSFCRALKGETLNITIPFSFKGIKFSKGRYKCVAEAISGSPEEMLLCLEFAIIHHPNSN,1,160,10,169,Ohn0YNw3MU
16,XP_017377398,PREDICTED: lymphocyte antigen 96 isoform X1 [Cebus capucinus imitator],ref|XP_017377398.1|,ref|XP_017377398.1| PREDICTED: lymphocyte antigen 96 isoform X1 [Cebus capucinus imitator],160,6.29844e-101,MLPFIFFSTLFSSMFTEAQKQHWICNSSDASISYTYCDKMQYPILINVDPCIKLTGTKGLLHIFYIPRRDLKQLYFNLYITVNSMNLPKRKEVICPGSDDDYSFCRALKGETLNITVPFSFKGIKFSKGRYKCVAEAISGSPEEVLFCLEFAIIHHPNSN,1,160,10,169,MsZlqJEO0a
17,3FXI_C,"Chain C, Lymphocyte Antigen 96 [Homo sapiens] >pdb|3FXI|D Chain D, Lymphocyte Antigen 96 [Homo sapiens]",pdb|3FXI|C,"pdb|3FXI|C Chain C, Lymphocyte Antigen 96 [Homo sapiens] >pdb|3FXI|D Chain D, Lymphocyte Antigen 96 [Homo sapiens]",142,6.56398e-100,QKQYWVCNSSDASISYTYCDKMQYPISINVNPCIELKGSKGLLHIFYIPRRDLKQLYFNLYITVNTMNLPKRKEVICRGSDDDYSFCRALKGETVNTTISFSFKGIKFSKGKYKCVVEAISGSPEEMLFCLEFVILHQPNSN,1,142,28,169,I6IewdSgP2
18,NP_001123904,lymphocyte antigen 96 precursor [Macaca mulatta] >ref|NP_001274662.1| lymphocyte antigen 96 precursor [Macaca fascicularis] >ref|NP_001292826.1| lymphocyte antigen 96 precursor [Macaca nemestrina] >gb|ADF81051.1| MD-2 [Macaca nemestrina] >gb|EHH28581.1| Lymphocyte antigen 96 [Macaca mulatta] >gb|EHH64240.1| Lymphocyte antigen 96 [Macaca fascicularis] >dbj|BAG55280.1| MD2 protein [Macaca fascicularis] >dbj|BAG55281.1| MD2 protein [Macaca mulatta],ref|NP_001123904.1|,ref|NP_001123904.1| lymphocyte antigen 96 precursor [Macaca mulatta] >ref|NP_001274662.1| lymphocyte antigen 96 precursor [Macaca fascicularis] >ref|NP_001292826.1| lymphocyte antigen 96 precursor [Macaca nemestrina] >gb|ADF81051.1| MD-2 [Macaca nemestrina] >gb|EHH28581.1| Lymphocyte antigen 96 [Macaca mulatta] >gb|EHH64240.1| Lymphocyte antigen 96 [Macaca fascicularis] >dbj|BAG55280.1| MD2 protein [Macaca fascicularis] >dbj|BAG55281.1| MD2 protein [Macaca mulatta],160,1.58446e-99,MLPFLFFSTLFSFIFTEAQKHYWVCNSSDASISYTYCDKMQYPISINVNPCIKLKGSRGLLHIFYIPRRDVKQLYFNLYITVNSMTLPKRKEVICRGSDDDYSFCRALKGETVNTTVSFSFKGIKFSKGKYKCVVEAISGSPEEMLFCLEFDIIHQPNSN,1,160,10,169,59NEt9mTtp
19,XP_003902921,lymphocyte antigen 96 isoform X3 [Papio anubis],ref|XP_003902921.1|,ref|XP_003902921.1| lymphocyte antigen 96 isoform X3 [Papio anubis],160,4.79778e-99,MLPFLFFSTLFSFIFTEAQKHYWVCNSSDASISYTYCDKMQYPISINVNPCIKLKGSRGLLHIFYIPRRDVKQLYFNLYITVNSMTLPKRKEVICRGSDDDYSFCRALKGETVNTTVSFSFRGIKFSKGKYKCVVEAISGSPEEMLFCLEFDIIHQPNSN,1,160,10,169,jF77r0e0IH
20,3ULA_B,"Chain B, Lymphocyte antigen 96 [Homo sapiens] >pdb|3ULA|D Chain D, Lymphocyte antigen 96 [Homo sapiens]",pdb|3ULA|B,"pdb|3ULA|B Chain B, Lymphocyte antigen 96 [Homo sapiens] >pdb|3ULA|D Chain D, Lymphocyte antigen 96 [Homo sapiens]",142,1.12546e-98,SQKQYWVCNSSDASISYTYCDKMQYPISINVNPCIELKGSKGLLHIFYIPRRDLKQLYFNLYITVNTMNLPKRKEVICRGSDDDYSFCRALKGETVNTTISFSFKGIKFSKGKYKCVVEAISGSPEEMLFCLEFVILHQPN,2,142,27,167,ohDxbHoVxN
21,2Z65_C,"Chain C, Lymphocyte antigen 96 [Homo sapiens] >pdb|2Z65|D Chain D, Lymphocyte antigen 96 [Homo sapiens]",pdb|2Z65|C,"pdb|2Z65|C Chain C, Lymphocyte antigen 96 [Homo sapiens] >pdb|2Z65|D Chain D, Lymphocyte antigen 96 [Homo sapiens]",140,1.7799e-98,QKQYWVCNSSDASISYTYCDKMQYPISINVNPCIELKGSKGLLHIFYIPRRDLKQLYFNLYITVNTMNLPKRKEVICRGSDDDYSFCRALKGETVNTTISFSFKGIKFSKGKYKCVVEAISGSPEEMLFCLEFVILHQPN,1,140,28,167,26dyzD9kVP
22,XP_011837374,PREDICTED: lymphocyte antigen 96 isoform X1 [Mandrillus leucophaeus],ref|XP_011837374.1|,ref|XP_011837374.1| PREDICTED: lymphocyte antigen 96 isoform X1 [Mandrillus leucophaeus],160,1.51925e-97,MLPFLFFSTLFSFIFTEAQKHYWVCNSSDASISYTYCDKMQYPISINVNPCIQLKGSRGLLHIFYIPRRDVKQLYFNLSITVNSMTLPKRKEVICRGSDDDYSFCRALKGETVNTTVSFSFRGIKFSKGKYKCVVEAISGSPEEMLFCLKFDIIHQPNSN,1,160,10,169,kaYESR7Xns
23,XP_011914200,PREDICTED: lymphocyte antigen 96 isoform X1 [Cercocebus atys],ref|XP_011914200.1|,ref|XP_011914200.1| PREDICTED: lymphocyte antigen 96 isoform X1 [Cercocebus atys],160,1.2898e-96,MLPFLFFSTLFSFIFTEAQKHYWVCNSSDASISYTYCDKIQYPISINVNPCIQLKGSRGLLHIFYIPRRDVKQLYFNLSITVNSMTLPKRKEVICRGSDDDYSFCRALKGETVNTTVSFSFRGIKFSKGKYKCVVEAFSGSPEEMLFCLEFDIIHQPNSN,1,160,10,169,JeJSSKcDCc
24,XP_003800091,lymphocyte antigen 96 isoform X1 [Otolemur garnettii],ref|XP_003800091.1|,ref|XP_003800091.1| lymphocyte antigen 96 isoform X1 [Otolemur garnettii],160,1.22419e-91,MFPFMLFSTLFSSTFTEPGKQYWVCNSSDASISYTYCDHMEYPISINVDPCIRLTGTKGYLHIFYIPRRDIQKLYFNLYISVNSMKLPKRKEVICRGSDDSYSFCRALKGETVNATISFSFKGIRFSKGRYRCIAEAIAGSNEEMLFCLNFTIIHHPN,1,158,10,167,0rpVfTATp2
25,XP_011515810,lymphocyte antigen 96 isoform X3 [Homo sapiens],ref|XP_011515810.1|,ref|XP_011515810.1| lymphocyte antigen 96 isoform X3 [Homo sapiens],138,3.82769e-89,MLPFLFFSTLFSSIFTEAQKQYWVCNSSDASISYTYCDKMQYPISINVNPCIELKRSKGLLHIFYIPRRDLKQLYFNLYITVNTMNLPKRKEVICRGSDDDYSFCRALKGETVNTTISFSFKGIKFSK,1,128,10,137,931Y38Cx88
26,XP_016868788,lymphocyte antigen 96 isoform X1 [Homo sapiens],ref|XP_016868788.1|,ref|XP_016868788.1| lymphocyte antigen 96 isoform X1 [Homo sapiens],191,2.02835e-87,MLPFLFFSTLFSSIFTEAQKQYWVCNSSDASISYTYCDKMQYPISINVNPCIELKRSKGLLHIFYIPRRDLKQLYFNLYITVNTMNLPKRKEVICRGSDDDYSFCRALKGETVNTTISFSFKGIKFSK,1,128,10,137,71GiS9otlN
27,XP_012518596,PREDICTED: lymphocyte antigen 96 isoform X1 [Propithecus coquereli],ref|XP_012518596.1|,ref|XP_012518596.1| PREDICTED: lymphocyte antigen 96 isoform X1 [Propithecus coquereli],160,8.07128e-87,MFLFMFFPTLFSSIFTEPGKQNWVCNSSDASISYTYCDHMDYPISINVNPCITLKGTRGLLHIYYIPRRDLNKLYFNLYISINSMELPKRKEVICRGSDDIYSLCRALKGETVNTTISFSFNGIRFSKGKYQGIVEAIAGSTEEMLFCLNFTLIYRPRLN,1,160,10,169,tt1HLREGhy
28,XP_004462521,lymphocyte antigen 96 [Dasypus novemcinctus],ref|XP_004462521.1|,ref|XP_004462521.1| lymphocyte antigen 96 [Dasypus novemcinctus],160,1.2652e-86,MFPFMLFSTLFLSIFTEPRKQHWICNSSDASIWYNYCDNMNYPISINITPCITLKGSKGHLNLYYIPRRDLKNLYFNLYISVNSLELPKRKEVICRGSDDDYSFCRALKGETVNTSVPFSFKGMRFSKGLYRCVAEAISGKTEEMLFCLNLTILHRPDSN,1,160,10,169,C060bcm8Ta
29,XP_017521951,PREDICTED: lymphocyte antigen 96 [Manis javanica],ref|XP_017521951.1|,ref|XP_017521951.1| PREDICTED: lymphocyte antigen 96 [Manis javanica],160,4.41513e-86,MFPFMLFSTLFASVFTEPMKQRWICNSSDLSVWYTYCDKMEFPISINVEPCITLKKSKGYLHLFYIPRRDIKKLYFNIYLSANSVDFPVRKEVICRGANDDYSFCRALKGETVNTTVSFSYKGIRFSKGQYRCVTEAIAGNTEEMLFCLNFTILHSPDFN,1,160,10,169,rvjHJm56MJ
30,XP_006139872,lymphocyte antigen 96 isoform X1 [Tupaia chinensis],ref|XP_006139872.1|,ref|XP_006139872.1| lymphocyte antigen 96 isoform X1 [Tupaia chinensis],160,1.23735e-85,MFSFVLFSTLFSFIFTEPEKQHWVCNSSDVSISYTYCDKMKYPISLNLIPCIELAGTKGFLHLFYIPRRDLKKLYFNLYISVNSMNLPKRKEVICRGFDDDYSFCKAVKGESINTTIPFSFKGIRFPKGQYRCVAEAIVGNTEEMLFCLNFTIIYHPHLN,1,160,10,169,YLTilS92c9
31,XP_021574592,lymphocyte antigen 96 isoform X1 [Carlito syrichta],ref|XP_021574592.1|,ref|XP_021574592.1| lymphocyte antigen 96 isoform X1 [Carlito syrichta],160,6.13195e-85,MFLFMLFSTLFSSIYTEPGEQHWVCNSSDTSISYTYCDNMKYPISIKVEPCIKLVGSKGLLHIFFIPRRDLKQLYFNLYISVNSMELPKRKEVICRGSDDEYSLCRTLKGETLNTTVSFSFRGILFSKGRYKVVAEAIDGSTEETFFCLNFTIIHHPN,1,158,10,167,PsHjPrKmwC
32,NP_001076256,lymphocyte antigen 96 precursor [Oryctolagus cuniculus] >ref|XP_008253869.1| PREDICTED: lymphocyte antigen 96 isoform X1 [Oryctolagus cuniculus] >gb|AAM50061.1| MD-2 [Oryctolagus cuniculus],ref|NP_001076256.1|,ref|NP_001076256.1| lymphocyte antigen 96 precursor [Oryctolagus cuniculus] >ref|XP_008253869.1| PREDICTED: lymphocyte antigen 96 isoform X1 [Oryctolagus cuniculus] >gb|AAM50061.1| MD-2 [Oryctolagus cuniculus],160,1.85543e-84,MFTFMVFSTLISSIFTEPGKLHWVCKSADATVSYTYCDNMEIPISINVEPCITLKGTQGLLHIFYIPRRDMNQLYLNLYISVNSMDLPKRKEIICKGSDDVYSFCRALKGETVNTTVPFSFKGIRLSKGQYRCVVEAIAGSAEEMIFCLNFTIIHNPRVN,1,160,10,169,HKhNtr4Lgz
33,XP_006924098,lymphocyte antigen 96 isoform X1 [Pteropus alecto],ref|XP_006924098.1|,ref|XP_006924098.1| lymphocyte antigen 96 isoform X1 [Pteropus alecto],160,2.07039e-84,MFPFMLFSTLFSPIFTEPAEQHWICNSSDTDIWYTYCDNMKFPISLNLNPCIELKGSRGYLHIFYIPRRDIKKLYFNLYLSFNSMNFPVRKEVICHGSDDEYSFCRALKGETVNTTISFSFKGIRFSKGQYRCIVEAITGYTEEKLFCLNFTIIYHPDFN,1,160,10,169,mB89cMbNLK
34,XP_027433385,lymphocyte antigen 96 isoform X1 [Zalophus californianus] >ref|XP_027965441.1| lymphocyte antigen 96 isoform X1 [Eumetopias jubatus],ref|XP_027433385.1|,ref|XP_027433385.1| lymphocyte antigen 96 isoform X1 [Zalophus californianus] >ref|XP_027965441.1| lymphocyte antigen 96 isoform X1 [Eumetopias jubatus],160,2.81419e-84,MFPFMLFSTLFSSIFTEPGQQHWICNSSDSSVWYTYCDNMKVPISIDVKPCIALKGSRGYLHIYYIPRRDIKKLYFNLYISFHSMHFPMRKEVICRGSDDLYSFCRALKGETVNTTVSFSFTGLRFSKGQYKCVAEAISGDPEETLFCLNFTIIHHPDFN,1,160,10,169,5bCto2Bxsd
35,XP_025726527,lymphocyte antigen 96 isoform X1 [Callorhinus ursinus],ref|XP_025726527.1|,ref|XP_025726527.1| lymphocyte antigen 96 isoform X1 [Callorhinus ursinus],160,4.36297e-84,MFPFLLFSTLFSSIFTEPGQQHWICNSSDSSVWYTYCDNMKVPISIDVKPCIALKGSRGYLHIYYIPRRDIKKLYFNLYISFHSMHFPMRKEVVCRGSDDLYSFCRALKGETVNTTVSFSFTGLRFSKGQYRCVAEAISGDPEETLFCLNFTIIHHPDFN,1,160,10,169,pqQKcQsihn
36,XP_021544122,lymphocyte antigen 96 isoform X1 [Neomonachus schauinslandi],ref|XP_021544122.1|,ref|XP_021544122.1| lymphocyte antigen 96 isoform X1 [Neomonachus schauinslandi],160,6.12863e-84,MFPFMLFSTLFSSIFTEPGEQHWICNSSDSSVWYTYCDDMKVPISIDLNPCITLKGSKGYLYISYIPRRDIKKLYFNLYLSFHSMHFPMRKEVICRGSDDLYSFCRALKGETVNTTVSFSFRGIRFSKGQYRCVAEAISGDPEEMLFCLNFTIIHHPDFN,1,160,10,169,N54tglGq3a
37,XP_025868477,lymphocyte antigen 96 [Vulpes vulpes],ref|XP_025868477.1|,ref|XP_025868477.1| lymphocyte antigen 96 [Vulpes vulpes],160,1.15739e-83,MFPFMLFSTLFSSIFTEPGEQYWICNSSDASVWYAYCDHMKAPISIDLNPCIAMKGSKGYLHLYYIPRRDIKKLYFNLYISFNSMHLPMRKEVICRGSDDVYSFCRALKGETVNTRIPFSFRGIRFSKGQYRCVAEAISGDTEEMLFCLNFTVIYHPDFN,1,160,10,169,jdvXgA7n7m
38,XP_012590812,lymphocyte antigen 96 isoform X1 [Microcebus murinus],ref|XP_012590812.1|,ref|XP_012590812.1| lymphocyte antigen 96 isoform X1 [Microcebus murinus],160,1.36423e-83,MFLFMIFPTLFSSIFTEPGKQNWVCNSSDASIWYTYCDHMEYPISVNVNPCITLKGTRGLLHLYFIPRRDLNKLYFNLYISINSMELPKRKEVICRGSNDIYSFCRALKGETVNTTVSFSFSGIRFSKGKYRGIVEAIAGNTEEMLFCLNFTLIYRPRLN,1,160,10,169,wI485L18pm
39,XP_025333813,lymphocyte antigen 96 isoform X1 [Canis lupus dingo] >ref|XP_853138.1| lymphocyte antigen 96 isoform X1 [Canis lupus familiaris],ref|XP_025333813.1|,ref|XP_025333813.1| lymphocyte antigen 96 isoform X1 [Canis lupus dingo] >ref|XP_853138.1| lymphocyte antigen 96 isoform X1 [Canis lupus familiaris],160,1.60804e-83,MFPFMLFSTLFSSIFTEPGEQYWICNSSDASVWYTYCDYMKAPISIDLNPCIAMKGSKGYLHLYYIPRRDIKKLYFNLYISFNSMNLPMRKEVICRGSDDVYSFCRALKGETVDTRIPFSFRGIRFSKGQYNCVAEAISGDTEEKLFCLNFTVIHHPDFN,1,160,10,169,xK1oPhpjKO
40,XP_012883912,PREDICTED: lymphocyte antigen 96 isoform X1 [Dipodomys ordii],ref|XP_012883912.1|,ref|XP_012883912.1| PREDICTED: lymphocyte antigen 96 isoform X1 [Dipodomys ordii],163,1.61237e-83,MLPFVLFSTLFSFIFIESEAQPWACNSSDATLSYTYCDNMKYPISLSTEPCITLKGTKGLIHVFYIPRRDLKKLYLNIYLSVNSMELPKRTEVICRGSDDEYSFCRALKGETVNTSVPFSFKGIQFPKGQYKCVVEAIAGDPEEKLFCLNFTIIHCHNKN,1,160,10,169,T2DuDM47z5
41,NP_001182726,lymphocyte antigen 96 isoform 2 precursor [Homo sapiens] >ref|XP_008954890.1| lymphocyte antigen 96 isoform X1 [Pan paniscus] >ref|XP_009453620.1| lymphocyte antigen 96 isoform X1 [Pan troglodytes] >gb|PNI56280.1| LY96 isoform 2 [Pan troglodytes],ref|NP_001182726.1|,ref|NP_001182726.1| lymphocyte antigen 96 isoform 2 precursor [Homo sapiens] >ref|XP_008954890.1| lymphocyte antigen 96 isoform X1 [Pan paniscus] >ref|XP_009453620.1| lymphocyte antigen 96 isoform X1 [Pan troglodytes] >gb|PNI56280.1| LY96 isoform 2 [Pan troglodytes],130,2.66117e-83,MLPFLFFSTLFSSIFTEAQKQYWVCNSSDASISYTYCG------------------------------RDLKQLYFNLYITVNTMNLPKRKEVICRGSDDDYSFCRALKGETVNTTISFSFKGIKFSKGKYKCVVEAISGSPEEMLFCLEFVILHQPNSN,1,130,10,169,GHdbLgHnFo
42,PNJ54373,LY96 isoform 2 [Pongo abelii],gb|PNJ54373.1|,gb|PNJ54373.1| LY96 isoform 2 [Pongo abelii],130,4.12659e-83,MLPFLFFSTLFSSIFTEAQKQYWVCNSSDASISYTYCG------------------------------RDLKQLYFNLYITVNTMNLPKRKEVICRGSDDDYSFCRALKGETVNTTVSFSFKGIKFSKGKYKCVVEAISGSPEEMLFCLEFVILHQPNSN,1,130,10,169,1C7L8mPZdR
43,XP_006737136,PREDICTED: lymphocyte antigen 96 isoform X1 [Leptonychotes weddellii],ref|XP_006737136.1|,ref|XP_006737136.1| PREDICTED: lymphocyte antigen 96 isoform X1 [Leptonychotes weddellii],160,6.54085e-83,MFPFMLFSTLFSSIFTEPGEQHWICNSSDSSVWYTYCDDMKVPISIGLNPCITLKGSKGYLHISYIARRDIEKLYFNLYLSFHSMHFPMRKEVICRGSDDLYSFCRALKGETVNTTVSFSFRGIRFSKGQYRCVAEAISGDPEEMLFCLNFTIIHHPD,1,158,10,167,ezzhypYwjR
44,XP_011365244,lymphocyte antigen 96 [Pteropus vampyrus],ref|XP_011365244.1|,ref|XP_011365244.1| lymphocyte antigen 96 [Pteropus vampyrus],160,8.69768e-83,MFPFMLFSTLFSPICTEPAEQHWICNSSDTDIWYTYCDNMKFPISLNLNPCIELKGSRGYLHIFYIPRRDIKKLYFNLYLSFNSMNFPVRKEVICHGSDDEYSFCRALKGETVNTTISFSFKGIRFSKGQYRCIVEAITGYTEEKLFCLNFTIIYHPDFN,1,160,10,169,dyHAvnAaTL
45,XP_018887390,PREDICTED: lymphocyte antigen 96 isoform X1 [Gorilla gorilla gorilla],ref|XP_018887390.1|,ref|XP_018887390.1| PREDICTED: lymphocyte antigen 96 isoform X1 [Gorilla gorilla gorilla],130,1.31964e-82,MLPFLFFSTLFSSTFTEAQKQYWVCNSSDASISYTYCG------------------------------RDLKQLYFNLYITVNTMNLPKRKEVICRGSDDDYSFCRALKGETVNTTISFSFKGIKFSKGKYKCVVEAISGSPEEMLFCLEFVILHQPNSN,1,130,10,169,m2Cau7a9fi
46,XP_017707123,PREDICTED: lymphocyte antigen 96 isoform X2 [Rhinopithecus bieti],ref|XP_017707123.1|,ref|XP_017707123.1| PREDICTED: lymphocyte antigen 96 isoform X2 [Rhinopithecus bieti],135,3.62889e-82,MLPFLFFSTLFSSIFTEAQKHYWVCNSSDASISYTYCDKMQYPISINVNPCIELKGSRGLLHIFYIPRRDLKQLYFNLNITVNSMTLPKRKEVICQGSDDDYSFCRALKGETVNTTVPFSFKGIKFSK,1,128,10,137,ykNEZkmFyl
47,XP_008577095,PREDICTED: lymphocyte antigen 96 [Galeopterus variegatus],ref|XP_008577095.1|,ref|XP_008577095.1| PREDICTED: lymphocyte antigen 96 [Galeopterus variegatus],160,1.18121e-81,MFPFMLFSTLFSFIFTEPGKQYWICNSSESSVSYTYCDKTEYPISINLEPCITLTGTRGFLHIFFIPRTDIKKLYFNLYISVNSVDFPKRKEVICRGSDDVYSFCGNLKGETVNTTISFSFGGMLFSKGRYRCVAEAIAGNAEEMLFCLNFTVIHNPRIN,1,160,10,169,TPErzOA5nm
48,XP_020028110,lymphocyte antigen 96 [Castor canadensis],ref|XP_020028110.1|,ref|XP_020028110.1| lymphocyte antigen 96 [Castor canadensis],157,1.60166e-81,MLPLMLFSTLFSSIFAEPEELHWSCNSSDATFSYTYCDDMKFPISVHTEPCIELKGTNGFLHISYIPRRDLKKLYFNLYITVNSMELPKRKQVICRGYDDEYSFCRALKGETVNTTVSFSFKGIRFPKGRYRCITEAIVGDNEEKLFCLNFTVIHRP,1,157,10,166,215ETc7AHD
49,XP_003408398,lymphocyte antigen 96 isoform X1 [Loxodonta africana],ref|XP_003408398.1|,ref|XP_003408398.1| lymphocyte antigen 96 isoform X1 [Loxodonta africana],155,2.82769e-81,MFPFVLFSTLFSSIFPEPGEQRWVCNSSDLSVWYTYCDNLKYPILLNLTPCITLKASKGHLHVYYVPRRDIKKLYFNLYISFNSISLPKRKEVVCRGSEDDYSFCRALKGETVTATIPFSFKGIKFSKGQYRCVAEAMTGSPEEMLFCLNFTLIH,1,155,10,164,0zZwmLHhQe
50,XP_012409905,lymphocyte antigen 96 [Trichechus manatus latirostris],ref|XP_012409905.1|,ref|XP_012409905.1| lymphocyte antigen 96 [Trichechus manatus latirostris],155,2.89037e-81,MFQFVLFSTLFPSVFTELGEPRWVCNSSDISIWYTYCDNMKYPISLNLTPCITLKGSRGLLHIYYIPRRDVEKLYFNLYLSVNSINLPKRKEVICRGSDDSYSFCRALKGETVNTTIPFSFRGIKFSKGLYRCVAEAISGKTEEMLFCLNFTMIH,1,155,10,164,KBosJIYdoh
51,XP_026253100,lymphocyte antigen 96 [Urocitellus parryii],ref|XP_026253100.1|,ref|XP_026253100.1| lymphocyte antigen 96 [Urocitellus parryii],160,4.91041e-81,MLSFMLFSTMFSSILTEPEEQHWTCSSSDATIAYTYCDDIKFPILVRPEPCISLKGTEGFLHIFYIPRRDLKQLYFNLYISVNSMNLPKRKEVICRGANDEYSFCRALKGETVNTTIPFSFRGILFLKGRYRCVAEAIAGHTEEKLFCLNFTITHHPRLN,1,160,10,169,b3tzh3KMat
52,XP_004762397,PREDICTED: lymphocyte antigen 96 isoform X1 [Mustela putorius furo],ref|XP_004762397.1|,ref|XP_004762397.1| PREDICTED: lymphocyte antigen 96 isoform X1 [Mustela putorius furo],160,8.97236e-81,MFSFMLFSTLFSSIFAEPGEQRWVCNSSDISVWYTYCDDMKAPISIEVKPCITLKGSKGYLHLSYIPRRDIKKLYFNIYLSFNSMDFPMRKEVVCRGSDDLYSFCRALKGETVNTAVSFSFRGLRFSKGRYRCVAEAISGDPEEMLFCLNFTIIHHPDFN,1,160,10,169,SHg1LFi3yk
53,XP_004403951,PREDICTED: lymphocyte antigen 96 [Odobenus rosmarus divergens],ref|XP_004403951.1|,ref|XP_004403951.1| PREDICTED: lymphocyte antigen 96 [Odobenus rosmarus divergens],160,1.43739e-80,MFPFMLFSTLFSSIFTEPGEPHWICNSSDSSVWYTYCDNMKVPISIDVKPCIALKGSNGYLHIYYIPRRDIKKLYFNLYISFHSMHFPMRKEVVCQGSDDLYSFCSALKGETVNTTVYFSFKGLRFSKGQYKCVAEAVSGDPEETLFCLNFTIIHHPDFN,1,160,10,169,8qrbdFpTzR
54,XP_024434115,lymphocyte antigen 96 [Desmodus rotundus],ref|XP_024434115.1|,ref|XP_024434115.1| lymphocyte antigen 96 [Desmodus rotundus],160,3.37931e-80,MFPLMLFSTLFSSTFTEPGEQYWICNSSDSSVWYSYCDNMEYPISLIPEPCIILKGTSGHLHIFFIPRRDIKKLYFNLYLSFNTLEFPMRKEVICRGSDDEYSFCRALKGETVNTSVPFSFKGILFSKGRYRCVVEAIAGNTEEMLFCLNFTIIHHPDIN,1,160,10,169,XYehdMs7RV
55,XP_002930732,"PREDICTED: lymphocyte antigen 96 [Ailuropoda melanoleuca] >gb|EFB18394.1| hypothetical protein PANDA_021279, partial [Ailuropoda melanoleuca]",ref|XP_002930732.1|,"ref|XP_002930732.1| PREDICTED: lymphocyte antigen 96 [Ailuropoda melanoleuca] >gb|EFB18394.1| hypothetical protein PANDA_021279, partial [Ailuropoda melanoleuca]",160,4.74651e-80,MFTFMLFSTLFSSIFTEPGEQHWICNSSDSSVWYSYCDNMKVPISIDPKPCITLKGSRGYLHLSYIPRRDIKKLYFKLYLSFNSMHFPMRKEVICRGSDDVYSFCRALKGETVNTAVSFSYKGIRFSKGQYRCVAEAVSGDPEEMLFCLNFTIIHHPDFN,1,160,10,169,ubC69eESP5
56,XP_029779690,lymphocyte antigen 96 [Suricata suricatta],ref|XP_029779690.1|,ref|XP_029779690.1| lymphocyte antigen 96 [Suricata suricatta],177,1.56882e-79,MFPFILFSTLFSFIFTEPGEQQWICNSSDSSVWYSHCDNMKVPISIDIKPCLTMKGSQGNLHLSFVPRRDIRKLYFNLYLSINLMNLPMRKEVICRGSDDVYSFCRALKGETVNTAVSFSFRGIRFSKGEYRCVAEAIAGNTEEMLFCLNFTILHDPNFN,18,177,10,169,kZ2Glgdrhp
57,XP_006767399,PREDICTED: lymphocyte antigen 96 [Myotis davidii] >gb|ELK27502.1| Lymphocyte antigen 96 [Myotis davidii],ref|XP_006767399.1|,ref|XP_006767399.1| PREDICTED: lymphocyte antigen 96 [Myotis davidii] >gb|ELK27502.1| Lymphocyte antigen 96 [Myotis davidii],159,1.76688e-79,MFPLMLFSTLFSSTLPEPG-EHWICNSSDVSLWYSYCDNMKYPISIRSEPCVELKGSKGYLHIFYIPRRDIKNLYFNLYLSFKTVNFPMRKEVICRGSDDDYSFCRALKGETVNTTVSFSYRGILFSKGKYRCVVEAIAGNTEEMLFCLNFTIIHHPTFN,1,159,10,169,6PvKlbaniY
58,XP_015341363,PREDICTED: lymphocyte antigen 96 [Marmota marmota marmota],ref|XP_015341363.1|,ref|XP_015341363.1| PREDICTED: lymphocyte antigen 96 [Marmota marmota marmota],178,2.8364e-79,MLSFMLFSTMFSSILTEPEEQHWTCSSSDATIAYTYCDDIKFPILVRPEPCISLKGTEGFLHIFYIPRRDLKQLYFNLYISVNSMNLPKRKEVICRGANDEYSFCRALKGETVNTTIPFSFRGILFLKGRYRCVAEAIAGHTEEKLFCLNFTITYHPRLN,19,178,10,169,9lGu8XIoKO
59,XP_011792573,PREDICTED: lymphocyte antigen 96 isoform X2 [Colobus angolensis palliatus],ref|XP_011792573.1|,ref|XP_011792573.1| PREDICTED: lymphocyte antigen 96 isoform X2 [Colobus angolensis palliatus],130,3.00577e-79,MLPFLFFSTLFSSIFTEAQKHYWVCNSSDASISYTYCG------------------------------RDLKQLYFNLYITVNSMTLPKRKEVICRGSDDDYSFCRALKGETVNTTVPFSFRGIKFSKGKYKCVVEAISGSPEEMLFCLEFVIIHQPNSN,1,130,10,169,8dXKDISRTG
60,XP_008709033,PREDICTED: lymphocyte antigen 96 [Ursus maritimus] >ref|XP_026351654.1| lymphocyte antigen 96 [Ursus arctos horribilis],ref|XP_008709033.1|,ref|XP_008709033.1| PREDICTED: lymphocyte antigen 96 [Ursus maritimus] >ref|XP_026351654.1| lymphocyte antigen 96 [Ursus arctos horribilis],160,3.3385e-79,MFTFMLFSTLFSSIFTAPGEQHWICNSSDSSVWYSYCDNMKVPISIDPKPCITLKGSRGYLHLSYVPRRDIKKLYFKLYLSFNSMHFPMRKEVICRGSDDVYSFCRALKGETVNTAVSFSYKGIRFSKGRYRCVAEAVSGDPEEMLFCLNFTIIHHPDFN,1,160,10,169,B5EEPoi2j3
61,XP_003269496,PREDICTED: lymphocyte antigen 96 isoform X2 [Nomascus leucogenys],ref|XP_003269496.1|,ref|XP_003269496.1| PREDICTED: lymphocyte antigen 96 isoform X2 [Nomascus leucogenys],130,3.6616e-79,MLPFLFFSTLFSSIFTEPQKQYWVCNSSDASISYTYCG------------------------------RDLKQLYFNLHITVNTMKLPKRKEVICRGSDDDYSFCRALKGETVNTTVSFSFKGIKFSKGRYKCVVEAISGSPEETLFCLEFVILHQPNSN,1,130,10,169,LEG7hE71bb
62,XP_027803130,lymphocyte antigen 96 isoform X1 [Marmota flaviventris],ref|XP_027803130.1|,ref|XP_027803130.1| lymphocyte antigen 96 isoform X1 [Marmota flaviventris],160,3.72515e-79,MFSFMLFSTMFSSILTEPEEQHWTCSSSDATIAYTYCDDIKFPILVRPEPCISLKGTEGFLHIFYIPRRDLKQLYFNLYISVNSMNLPKRKEVICRGANDEYSFCRALKGETVNTTIPFSFRGILFLKGRYRCVAEAIAGHTEEKLFCLNFTITYHPRLN,1,160,10,169,dPItRSumZ9
63,XP_022373640,lymphocyte antigen 96 isoform X1 [Enhydra lutris kenyoni],ref|XP_022373640.1|,ref|XP_022373640.1| lymphocyte antigen 96 isoform X1 [Enhydra lutris kenyoni],160,4.39069e-79,MFSFMVFSTLFSSIFAEPGEQRWVCNSSDLSVWYTYCDDMKVPISIEPKPCITLKGSKGYLHLSYIPRRDIKKLYFNIYLSFNSMDFPMRKEVVCRGSDDLYSFCRALKGETVNTAVSFSFRGLRFSKGRYKCVAEAISGDPEEVLFCLNFTIIHHPDFN,1,160,10,169,UwVBO0LVwT
64,XP_014920213,lymphocyte antigen 96 [Acinonyx jubatus] >ref|XP_025778530.1| lymphocyte antigen 96 isoform X1 [Puma concolor] >ref|XP_030160413.1| lymphocyte antigen 96 isoform X1 [Lynx canadensis] >emb|VFV34204.1| lymphocyte antigen 96 [Lynx pardinus],ref|XP_014920213.1|,ref|XP_014920213.1| lymphocyte antigen 96 [Acinonyx jubatus] >ref|XP_025778530.1| lymphocyte antigen 96 isoform X1 [Puma concolor] >ref|XP_030160413.1| lymphocyte antigen 96 isoform X1 [Lynx canadensis] >emb|VFV34204.1| lymphocyte antigen 96 [Lynx pardinus],160,5.28981e-79,MFPFILFSTLFSSTFTEPGELQWICNSSDSSVWYSHCDNMKVPISIAIQPCMSMKGSRGYLHLSFIPRRDIKKLYFNLYLSINSMDLPVRKEVICRGSDDVYSFCRALKGETVNTTVGFSFRGIRFSKGRYRCVAEAITGNTEEMLFCLNFTVIHDPNFN,1,160,10,169,2rBCrpOiEG
65,XP_008847121,lymphocyte antigen 96 isoform X3 [Nannospalax galili],ref|XP_008847121.1|,ref|XP_008847121.1| lymphocyte antigen 96 isoform X3 [Nannospalax galili],158,9.75842e-79,MLPFILFSTLFSPIFTESEEQLWVCNSSDTTISYTYCDNIKFPISISAEPCITLKGTNGILHIVFIPRRDIKKLYFNLFINLNSMVLPKRKEVICRGYDDDYSFCSALKGETVNTTVPFSFRGILFSKGQYTCVAEAIVGDIEEKLFCLNFTIIHHNN,1,158,10,167,LSyCIsFK8h
66,XP_007999099,PREDICTED: lymphocyte antigen 96 isoform X2 [Chlorocebus sabaeus],ref|XP_007999099.1|,ref|XP_007999099.1| PREDICTED: lymphocyte antigen 96 isoform X2 [Chlorocebus sabaeus],133,1.07357e-78,KMQYPISINVNPCIKLKGSRGLLHIFYIPRRDVKQLYFNLYITVNSMTLPKRKEVICRGSDDDYSFCRALKGETVNTTVPFSFKGIKFSKGKYKCIVEAISGSPEEMLFCLEFVIIHQPNSN,12,133,48,169,mNxKgy3hCT
67,XP_003999946,lymphocyte antigen 96 [Felis catus],ref|XP_003999946.1|,ref|XP_003999946.1| lymphocyte antigen 96 [Felis catus],160,1.46569e-78,MFPFILFSTLFSSTFTEPGELQWICNSSDSSVWYSHCDNMKVPISIAIKPCMSMKGSRGYLHLSFIPRRDIKKLYFNLYLSINSMDLPVRKEVICRGSDDFYSFCRALKGETVNTTVGFSFRGIRFSKGQYRCVAEAITGNTEEMLFCLNFTVIHDPNFN,1,160,10,169,Am6Do1ATFS
68,XP_016009179,PREDICTED: lymphocyte antigen 96 [Rousettus aegyptiacus],ref|XP_016009179.1|,ref|XP_016009179.1| PREDICTED: lymphocyte antigen 96 [Rousettus aegyptiacus],160,1.84494e-78,MFPFMLFSTLFSSVFTQPAEQHWVCNSSDTDIWYTYCDDMKFPISLNVNPCITLKGTRGNLHVSYIPRRDIKKLYFNLYVSFNSMNFPLRTEVVCHGSDDVYSFCRALKGETVNATIPFSFRGLRFTKGRYRCIAEAFSGHTEEKLFCLNFTIIHHPD,1,158,10,167,un9qGnVXdD
69,XP_006086408,lymphocyte antigen 96 isoform X1 [Myotis lucifugus],ref|XP_006086408.1|,ref|XP_006086408.1| lymphocyte antigen 96 isoform X1 [Myotis lucifugus],159,2.14946e-78,MFPLMLFSTLFSSTLPEPG-EHWICNSSDVSLWYSYCDNMKYPISIRSEPCVELKGSKGYLHIFFIPRRDIKNLYFNLYLSFNTVDFPMRKEVICRGSDDDYSFCRALKGETVNTTVRFSYRGILFSKGKYRCVVEAITGNTEEMLFCLNFTIIHHPTFN,1,159,10,169,a4acX7s944
70,XP_006880603,PREDICTED: lymphocyte antigen 96 [Elephantulus edwardii],ref|XP_006880603.1|,ref|XP_006880603.1| PREDICTED: lymphocyte antigen 96 [Elephantulus edwardii],158,2.61646e-78,MFSFMLFPTLFPTVFPEPKQQHWICNSSDLSVWYTYCDNMKYPISIIPTPCVSLKGSKGQLHLSYIPRRDMKKLYFNLYVSINSLDFPKRKEVICRGSDDDYSFCRALKGETINTTISFSYKGLKFSKGQYRVVAEAITGSAEEMLFCLNFTLIH,1,155,10,164,mKdHmj7HIL
71,XP_006202465,PREDICTED: lymphocyte antigen 96 [Vicugna pacos],ref|XP_006202465.1|,ref|XP_006202465.1| PREDICTED: lymphocyte antigen 96 [Vicugna pacos],160,4.33695e-78,MFPLMLFSTLFSSIFTEPGEKHWICNSSDASIWYNYCDDKKFPISISTKPCITLKGSNGYLYLYFIPRRDIKKLYFNLYISVKSISLPERKEVICRGSDDNYSFCRALKGETVNTTIGFSFKGLRFSKGQYNCVAEAISGDTEERLLCLNFTIIHHPDSS,1,160,10,169,96BJMV4V5m
72,XP_006185920,PREDICTED: lymphocyte antigen 96 [Camelus ferus] >ref|XP_010949774.1| PREDICTED: lymphocyte antigen 96 [Camelus bactrianus] >ref|XP_010977720.1| PREDICTED: lymphocyte antigen 96 [Camelus dromedarius],ref|XP_006185920.1|,ref|XP_006185920.1| PREDICTED: lymphocyte antigen 96 [Camelus ferus] >ref|XP_010949774.1| PREDICTED: lymphocyte antigen 96 [Camelus bactrianus] >ref|XP_010977720.1| PREDICTED: lymphocyte antigen 96 [Camelus dromedarius],160,5.83009e-78,MFPLMLFSTLFSSIFTEPGEKHWICNSSDASIWYNYCDDKKFPISISTKPCITLKGSNGYLYLYFIPRRDIKKLYFNLYISVKSIRLPERKEVICRGSDDNYSFCRALKGETVNTTIGFSFKGLRFSKGQYNCVAEAISGDTEERLLCLNFTIIHHPDSS,1,160,10,169,AYHUHuibWC
73,XP_005866445,PREDICTED: lymphocyte antigen 96 [Myotis brandtii] >gb|EPQ07885.1| Lymphocyte antigen 96 [Myotis brandtii],ref|XP_005866445.1|,ref|XP_005866445.1| PREDICTED: lymphocyte antigen 96 [Myotis brandtii] >gb|EPQ07885.1| Lymphocyte antigen 96 [Myotis brandtii],159,6.36028e-78,MFPLMLFSTLFSSTLPEPG-EHWICNSSDVSLWYSYCDNMKYPISLRSEPCVELKGSKGYLHIFYIPRRDMKNLYFNLYLSFNTVNFPMRKEVICRGSDDDYSFCRALKGETVNTTVPFSYRGILFSKGKYRWVVEAITGKTEEMLFCLNFTIIHHPTFN,1,159,10,169,2LsvCxiMmQ
74,XP_014709236,PREDICTED: lymphocyte antigen 96 isoform X1 [Equus asinus],ref|XP_014709236.1|,ref|XP_014709236.1| PREDICTED: lymphocyte antigen 96 isoform X1 [Equus asinus],173,6.77702e-78,MFSFMLFFTLFSSIFPEPEELRWICNSSDMSIWYTYCDNMKSPISINLEPCIELKGTSGHLHILFVPRRDIKKLYFNLYLTMNSLEFPMRKEVICRGSDDDYSFCRALKGETVNTTVSFSFRGMRFPKGRYRCIAEAVVGNTEEALFCLNFTLLHQPSFN,14,173,10,169,Br5iShV30U
75,XP_007185126,lymphocyte antigen 96 [Balaenoptera acutorostrata scammoni],ref|XP_007185126.1|,ref|XP_007185126.1| lymphocyte antigen 96 [Balaenoptera acutorostrata scammoni],160,9.03712e-78,MFPFMLFSTLFSSTFTEPGEKLWICNSSDTSVWYSYCDNLKFPISVNSEPCITLKGGRGNLYLYYIPRRDLKSLYFNIYVSFKSVNFPVRKEVICRGSDDDYSFCRALKGETVNTTISFSFKGIRFSKGRYNCITEAIAGNTEERLFCLNFTVIHHPD,1,158,10,167,TTAfOiosip
76,XP_028374462,lymphocyte antigen 96 isoform X1 [Phyllostomus discolor],ref|XP_028374462.1|,ref|XP_028374462.1| lymphocyte antigen 96 isoform X1 [Phyllostomus discolor],160,1.01948e-77,MFPLMLFSTLFSSTFTEPREQHWICNSSDASVWYSYCDNMEYPISLMPEPCITLKGSNGYLHISFIPRRDIKKLYFNLYLSFNTLEFPTRTEVICRGSDDEYSFCRALKGETVNTSVPFSFKGILFSKGRYRFVVEAIAGNTEEMLFCLNFTIIHYPDIN,1,160,10,169,Ongf733qHp
77,NP_001075367,lymphocyte antigen 96 precursor [Equus caballus] >gb|AAQ95744.1| LPS co-receptor MD-2 [Equus caballus],ref|NP_001075367.1|,ref|NP_001075367.1| lymphocyte antigen 96 precursor [Equus caballus] >gb|AAQ95744.1| LPS co-receptor MD-2 [Equus caballus],160,1.28325e-77,MFSFMLFFTLFSSIFPEPEELRWICNSSDMSIWYTYCDNMKSPISINLEPCIELKGTRGHLHMLFVPRRDIKKLYFNLYLTMNSLEFPMRKEVICRGSDDDYSFCRALKGETVNTTVSFSFRGMRFPKGRYSCIAEAVVGNTEEALFCLNFTLLHQPSFN,1,160,10,169,vT6tvnv2su
78,XP_004679848,PREDICTED: lymphocyte antigen 96 [Condylura cristata],ref|XP_004679848.1|,ref|XP_004679848.1| PREDICTED: lymphocyte antigen 96 [Condylura cristata],160,1.90383e-77,MFPLMLFSTLFSSIFTEPGEKHWICNSSDASIWYSYCDNMKYPISINIHPCLTLKGHRGYLHIFYIARGDLKNLYFNLKLSFNSMNFLERTQVICKGADGDYSFCRALKGETVNTTISYSFKRLLFSKGQYRLIVEAITGSTGEMLFCLNFIIIHHPNSN,1,160,10,169,ADxFsl5K3k
79,XP_008148549,lymphocyte antigen 96 [Eptesicus fuscus],ref|XP_008148549.1|,ref|XP_008148549.1| lymphocyte antigen 96 [Eptesicus fuscus],160,1.9248e-77,MFPLMLFSTLFSSTLPESGEQHWICNSSDVSLWYTYCDNVKYPISVRSEPCVELKGSKGYLHISYIPRRDMKNLYFNLYLSFKTMTFPMRKEVICRGSDDDYSFCRALKGETVNTSVPFSFKGILFSKGKYRWIVEAITGNTEEMLFCLNFTIIHHSAFN,1,160,10,169,AnPgSPdrpd
80,XP_004842102,lymphocyte antigen 96 [Heterocephalus glaber] >gb|EHB04643.1| Lymphocyte antigen 96 [Heterocephalus glaber],ref|XP_004842102.1|,ref|XP_004842102.1| lymphocyte antigen 96 [Heterocephalus glaber] >gb|EHB04643.1| Lymphocyte antigen 96 [Heterocephalus glaber],160,1.96745e-77,MLPFMLFSTLFSPIFTEPEEPLWICSSSDANISYTYCDNKKFPISINIIPCLTLKGSSGSLHIFFIPRRDLKKLYFNLHISFHSMKLPMRKEVICRGYDDEYSFCRALKGESVNATIAFSFKGIRFAKGRYNCVAEAITGDIEERLFCLNFTIEHLPHLN,1,160,10,169,R4qgHaNS0P
81,XP_007954948,PREDICTED: lymphocyte antigen 96 [Orycteropus afer afer],ref|XP_007954948.1|,ref|XP_007954948.1| PREDICTED: lymphocyte antigen 96 [Orycteropus afer afer],155,3.46812e-77,MFPFLLFSTLFPFIFTELGEQHWICNSSDLSVWYTYCDNMKYPISLNLIPCITLKGSRGHLQISYIPRRDIKKLYFNLYVSTKSLDFPKRKEVVCRGSDDDYSFCRALKGETVNTTVSFSFKEIKFSKGRYKIIAEAIAGSTEEMIFCLNATVIH,1,155,10,164,7dp9yPJuZr
82,NP_001277764,lymphocyte antigen 96 precursor [Bubalus bubalis] >gb|AEN70399.1| MD-2 [Rucervus eldii] >gb|AEP33843.1| MD-2 [Bubalus bubalis],ref|NP_001277764.1|,ref|NP_001277764.1| lymphocyte antigen 96 precursor [Bubalus bubalis] >gb|AEN70399.1| MD-2 [Rucervus eldii] >gb|AEP33843.1| MD-2 [Bubalus bubalis],160,3.83869e-77,MFPFLLFSTLFSSIFTEPRENRWVCNSSDATVWYDYCDNLKFPISIRSEPCITLKGSRGILYLYYIPRRDIKSLYFNIYLSTKSMNFPLRKEVICRGYDDDFSFCRALKGETVNTTIQFSFRGIRFSKGQYNCITEAIEGNTEEKLFCLNFTIIHYPDFN,1,160,10,169,ruZteWYTMx
83,XP_025250258,lymphocyte antigen 96 isoform X2 [Theropithecus gelada],ref|XP_025250258.1|,ref|XP_025250258.1| lymphocyte antigen 96 isoform X2 [Theropithecus gelada],130,8.70456e-77,MLPFLFLSTLFSFIFTEAQKHYWVCNSSDASISYTYCG------------------------------RDVKQLYFNLYITVNSMTLPKRKEVICRGSDDDYSFCRALKGETVNTTVSFSFRGIKFSKGKYKCVVEAISGSPEEMLFCLEFDIIHQPNSN,1,130,10,169,QJyV45kV21
84,XP_004637614,lymphocyte antigen 96 isoform X1 [Octodon degus],ref|XP_004637614.1|,ref|XP_004637614.1| lymphocyte antigen 96 isoform X1 [Octodon degus],160,9.023e-77,MLPLMLFSTLFSPIFTEPKDHHWICNSSDASISYTYCDDMKFPISVNVTPCLTFKGSSGTLNISFIPRRDLRKLYFNLYVSFKSMNLPERKEVICRGYDDVYSFCRALKGETVNAKVPFSYRGILFSKGRYSCVAEAITGDAEERLFCLNFTIMHLPHIN,1,160,10,169,JiYesCIfrk
85,XP_007080415,PREDICTED: lymphocyte antigen 96 isoform X2 [Panthera tigris altaica] >ref|XP_007080416.1| PREDICTED: lymphocyte antigen 96 isoform X1 [Panthera tigris altaica],ref|XP_007080415.1|,ref|XP_007080415.1| PREDICTED: lymphocyte antigen 96 isoform X2 [Panthera tigris altaica] >ref|XP_007080416.1| PREDICTED: lymphocyte antigen 96 isoform X1 [Panthera tigris altaica],160,1.35336e-76,MFPFILFSTLFSSTFTEPGELQWICNSSDSSVWYSHCDNMKVPISIAIKPCMSMKGSGGYVHLSFIPRRDIKKLYFNLYLSINSMDLPVRKEVICRGSDDVYSFCRALKGETVNTTVHFSFRGIRFSKGQYRCVAEAITGNTEEMLFCLNFTVIYDPNFN,1,160,10,169,t46BFOszEh
86,NP_001039982,lymphocyte antigen 96 precursor [Bos taurus] >ref|XP_005907571.1| PREDICTED: lymphocyte antigen 96 [Bos mutus] >ref|XP_010845241.1| PREDICTED: lymphocyte antigen 96 [Bison bison bison] >gb|ABC47879.1| MD-2 protein [Bos taurus] >gb|ELR47773.1| Lymphocyte antigen 96 [Bos mutus] >tpg|DAA22676.1| TPA: lymphocyte antigen 96 [Bos taurus],ref|NP_001039982.1|,ref|NP_001039982.1| lymphocyte antigen 96 precursor [Bos taurus] >ref|XP_005907571.1| PREDICTED: lymphocyte antigen 96 [Bos mutus] >ref|XP_010845241.1| PREDICTED: lymphocyte antigen 96 [Bison bison bison] >gb|ABC47879.1| MD-2 protein [Bos taurus] >gb|ELR47773.1| Lymphocyte antigen 96 [Bos mutus] >tpg|DAA22676.1| TPA: lymphocyte antigen 96 [Bos taurus],160,2.94619e-76,MFPFVLFSTLFSSIFTEPRENRWVCNSSDATVWYDYCDNLKFPVSIRSEPCITLKGSRGILYLYYIPRRDIRSLYFNIYLSTKSMNFPLRKEVICRGYDDDFSFCRALKGETVNTTIQFSFRGIRFSKGQYNCITEAIEGNTEEKLFCLNFTIIHYPDFN,1,160,10,169,SN5wWKn6hL
87,XP_019308846,PREDICTED: lymphocyte antigen 96 [Panthera pardus],ref|XP_019308846.1|,ref|XP_019308846.1| PREDICTED: lymphocyte antigen 96 [Panthera pardus],160,6.84932e-76,MFPFILFSTLFSSTFTEPGELQWICNSSDSSVWYSHCDNMKVPISIAIKPCMSMKGSGGYVHLSFIPRRDIKKLYFNLYLSINSMDLPVRKEVICQGSDDVYSFCRALKGETVNTTVHFSFRGIRFSKGQYRCVAEAITGNTEEMLFCLNFTVIYDPNFN,1,160,10,169,86cZDqafBs
88,XP_021078048,lymphocyte antigen 96 isoform X1 [Mus pahari],ref|XP_021078048.1|,ref|XP_021078048.1| lymphocyte antigen 96 isoform X1 [Mus pahari],160,1.36588e-75,MLPFILFSTLLSPIFTESEKQQWICNSSDAIISYSYCDHLKFPISISSEPCIRLRGTNGFVHVEFIPRRNLKNLYFNLFINVNSIELPKRKEVMCHGHDDDYSFCRALKGETVNTSVPFSFEGILFPKGHYRCVAEAIAGDTEEKLFCLNFTIIHHRNVN,1,160,10,169,QLQVGrEy8q
89,XP_016071489,PREDICTED: lymphocyte antigen 96 isoform X1 [Miniopterus natalensis],ref|XP_016071489.1|,ref|XP_016071489.1| PREDICTED: lymphocyte antigen 96 isoform X1 [Miniopterus natalensis],160,1.41151e-75,MFPLMLFSMLFSSTCTEPREPHWICNSSDLTFWYTYCDHMEYPILIKTEPCIQLMGSKGYLHIFYIPRRDIKKLYFNLYLSYNSLNFPVRQEVVCRGSDDEFSFCRALKGETVNTTVSFSFRGIRFSKGRYQCVVEAITGNTGEMLFCLNFTIIHYSGFN,1,160,10,169,q7gnHzUb8t
90,XP_005689130,PREDICTED: lymphocyte antigen 96 [Capra hircus],ref|XP_005689130.1|,ref|XP_005689130.1| PREDICTED: lymphocyte antigen 96 [Capra hircus],160,1.81602e-75,MFPFVLFSALFSSIFTEPREKRWVCNSSDAAVWYDYCDNLKFPISIRSEPCITLKGSRGTLYLYYIPRRDIRSLYFNIYLSTKHMNFPLRKEVICRGYDDDFSFCRALKGETVNTTIQFSFKGIRFSKGQYNCITEAIEGNTEEKLFCLNFTIIHYPDFN,1,160,10,169,NyhXOFiW5v
91,XP_027417009,lymphocyte antigen 96 [Bos indicus x Bos taurus] >dbj|BAC67682.1| MD-2 [Bos taurus],ref|XP_027417009.1|,ref|XP_027417009.1| lymphocyte antigen 96 [Bos indicus x Bos taurus] >dbj|BAC67682.1| MD-2 [Bos taurus],160,1.91828e-75,MFPFVLFSTLFSSIFTEPRENRWVCNSSDATVWYDYCDNLKFPVSIRSEPCITLKGSRGILYLYYIPRRDIRSLYFNIYLSTKSMNFPLRKEFICRGYDDDFSFCRALKGETVNTTIQFSFRGIRFSKGQYNCITEAIEGNTEEKLFCLNFTIIHYPDFN,1,160,10,169,zpABd6i0vo
92,XP_020757646,lymphocyte antigen 96 isoform X2 [Odocoileus virginianus texanus],ref|XP_020757646.1|,ref|XP_020757646.1| lymphocyte antigen 96 isoform X2 [Odocoileus virginianus texanus],160,2.11706e-75,MFPFVLFSVLFSSIFTEPEEKRWVCNSSDATVWYDYCDNLKFPISIRSEPCITLKGSRGILYLYFIPRRDIKSLYFNIYLSTKSMNFPLRKEVICRGYDDDFSFCRALKGETVNTTIQFSFKGIRFSKGQYNCITEAIEGNTDEKLFCLNFTVIHYPDFN,1,160,10,169,oJd6SUPpXg
93,XP_029078284,lymphocyte antigen 96 [Monodon monoceros],ref|XP_029078284.1|,ref|XP_029078284.1| lymphocyte antigen 96 [Monodon monoceros],160,2.66472e-75,MFPFMLLSALFSSTFTEPGEKHWICNSSDTSVWYSYCDNLKFPISINAEPCITLKGGRGNLYLYYIPRRDIKSLYFNIYVSFKSVNFPVRKEVICRGSDDDYSFCRALKGETVNTTISFSFKGIRFSEGRYKCITEAIAGNTEERLLCLNFTVIYHPD,1,158,10,167,jz5gYCofJ0
94,XP_011742773,lymphocyte antigen 96 isoform X1 [Macaca nemestrina],ref|XP_011742773.1|,ref|XP_011742773.1| lymphocyte antigen 96 isoform X1 [Macaca nemestrina],130,3.10369e-75,MLPFLFFSTLFSFIFTEAQKHYWVCNSSDASISYTYCDKMQYPISINVNPCIKLKGSRGLLHIFYIPRRDVKQLYFNLYITVNSMTLPKRKEVICRGSDDDYSFCRALKGETVNTTVSFSFKGIKFSK,1,128,10,137,JgfSLYGo41
95,XP_021026766,lymphocyte antigen 96 isoform X1 [Mus caroli],ref|XP_021026766.1|,ref|XP_021026766.1| lymphocyte antigen 96 isoform X1 [Mus caroli],160,3.42835e-75,MLPFIFFSTLLSPIFTESEKQQWICNSSDAIISYSYCDHMKFPISISSEPCIRLRGTNGFVHVEFIPRGNLKYLYFNLFISVNSIELPKRKEVLCHGHDDDYSFCRALKGETVNTSIPFSFEGILFPKGHYRCVAEAIAGDTEEKLFCLNFTIIHRRDVN,1,160,10,169,vGm0D59nzi
96,XP_015310279,PREDICTED: lymphocyte antigen 96 isoform X2 [Macaca fascicularis],ref|XP_015310279.1|,ref|XP_015310279.1| PREDICTED: lymphocyte antigen 96 isoform X2 [Macaca fascicularis],138,4.09127e-75,MLPFLFFSTLFSFIFTEAQKHYWVCNSSDASISYTYCDKMQYPISINVNPCIKLKGSRGLLHIFYIPRRDVKQLYFNLYITVNSMTLPKRKEVICRGSDDDYSFCRALKGETVNTTVSFSFKGIKFSK,1,128,10,137,7QWBpoJHD3
97,XP_015310278,PREDICTED: lymphocyte antigen 96 isoform X1 [Macaca fascicularis],ref|XP_015310278.1|,ref|XP_015310278.1| PREDICTED: lymphocyte antigen 96 isoform X1 [Macaca fascicularis],141,4.14078e-75,MLPFLFFSTLFSFIFTEAQKHYWVCNSSDASISYTYCDKMQYPISINVNPCIKLKGSRGLLHIFYIPRRDVKQLYFNLYITVNSMTLPKRKEVICRGSDDDYSFCRALKGETVNTTVSFSFKGIKFSK,1,128,10,137,ex8TLOs7vb
98,OWK04196,LY96 [Cervus elaphus hippelaphus],gb|OWK04196.1|,gb|OWK04196.1| LY96 [Cervus elaphus hippelaphus],160,6.1946e-75,MFPLVLFSALFSSIFTEPEEKRWVCNSSDATVWYDYCDNLKFPVSIRSEPCITLKGSRGMLYVYFIPRRDIKSLYFNIYLSTKSMNFPLRKEVICRGYDDDFSFCRALKGETVNTTIQFSFRGIRFSKGQYNCITEAIEGNTEEKLFCLNFTVIHYPDFN,1,160,10,169,fSjz00LLxE
99,XP_017817604,lymphocyte antigen 96 isoform X5 [Papio anubis],ref|XP_017817604.1|,ref|XP_017817604.1| lymphocyte antigen 96 isoform X5 [Papio anubis],130,7.21881e-75,MLPFLFFSTLFSFIFTEAQKHYWVCNSSDASISYTYCDKMQYPISINVNPCIKLKGSRGLLHIFYIPRRDVKQLYFNLYITVNSMTLPKRKEVICRGSDDDYSFCRALKGETVNTTVSFSFRGIKFSK,1,128,10,137,Q4TNAyXdZq
