,accession,hit_def,hit_id,title,length,e_value,subject_start,subject_end,query_start,query_end,uid,sequence,type,id,parent,label,distance
0,NP_056179,"lymphocyte antigen 96 isoform 1 precursor [Homo sapiens] >sp|Q9Y6Y9.2| RecName: Full=Lymphocyte antigen 96; Short=Ly-96; AltName: Full=ESOP-1; AltName: Full=Protein MD-2; Flags: Precursor [Homo sapiens] >gb|AKI71616.1| LY96, partial [synthetic construct] >gb|EAW87024.1| lymphocyte antigen 96 [Homo sapiens]",ref|NP_056179.4|,"ref|NP_056179.4| lymphocyte antigen 96 isoform 1 precursor [Homo sapiens] >sp|Q9Y6Y9.2| RecName: Full=Lymphocyte antigen 96; Short=Ly-96; AltName: Full=ESOP-1; AltName: Full=Protein MD-2; Flags: Precursor [Homo sapiens] >gb|AKI71616.1| LY96, partial [synthetic construct] >gb|EAW87024.1| lymphocyte antigen 96 [Homo sapiens]",0.08502511,1.12596e-114,1,160,10,169,6MlAvpyx5y,MLPFLFFSTLFSSIFTEAQKQYWVCNSSDASISYTYCDKMQYPISINVNPCIELKRSKGLLHIFYIPRRDLKQLYFNLYITVNTMNLPKRKEVICRGSDDDYSFCRALKGETVNTTISFSFKGIKFSKGKYKCVVEAISGSPEEMLFCLEFVILH,leaf,6MlAvpyx5y,0,6MlAvpyx5y,0.08502511
1,XP_017377398,PREDICTED: lymphocyte antigen 96 isoform X1 [Cebus capucinus imitator],ref|XP_017377398.1|,ref|XP_017377398.1| PREDICTED: lymphocyte antigen 96 isoform X1 [Cebus capucinus imitator],0.07822025,6.29844e-101,1,160,10,169,MsZlqJEO0a,MLPFIFFSTLFSSMFTEAQKQHWICNSSDASISYTYCDKMQYPILINVDPCIKLTGTKGLLHIFYIPRRDLKQLYFNLYITVNSMNLPKRKEVICPGSDDDYSFCRALKGETLNITVPFSFKGIKFSKGRYKCVAEAISGSPEEVLFCLEFAIIH,leaf,MsZlqJEO0a,0,MsZlqJEO0a,0.07822025
2,XP_003800091,lymphocyte antigen 96 isoform X1 [Otolemur garnettii],ref|XP_003800091.1|,ref|XP_003800091.1| lymphocyte antigen 96 isoform X1 [Otolemur garnettii],0.10069832,1.22419e-91,1,158,10,167,0rpVfTATp2,MFPFMLFSTLFSSTFTEPGKQYWVCNSSDASISYTYCDHMEYPISINVDPCIRLTGTKGYLHIFYIPRRDIQKLYFNLYISVNSMKLPKRKEVICRGSDDSYSFCRALKGETVNATISFSFKGIRFSKGRYRCIAEAIAGSNEEMLFCLNFTIIH,leaf,0rpVfTATp2,12,0rpVfTATp2,0.34243809000000003
3,XP_004462521,lymphocyte antigen 96 [Dasypus novemcinctus],ref|XP_004462521.1|,ref|XP_004462521.1| lymphocyte antigen 96 [Dasypus novemcinctus],0.14523496,1.2652e-86,1,160,10,169,C060bcm8Ta,MFPFMLFSTLFLSIFTEPRKQHWICNSSDASIWYNYCDNMNYPISINITPCITLKGSKGHLNLYYIPRRDLKNLYFNLYISVNSLELPKRKEVICRGSDDDYSFCRALKGETVNTSVPFSFKGMRFSKGLYRCVAEAISGKTEEMLFCLNLTILH,leaf,C060bcm8Ta,15,C060bcm8Ta,0.39201975
4,XP_017521951,PREDICTED: lymphocyte antigen 96 [Manis javanica],ref|XP_017521951.1|,ref|XP_017521951.1| PREDICTED: lymphocyte antigen 96 [Manis javanica],0.15007491,4.41513e-86,1,160,10,169,rvjHJm56MJ,MFPFMLFSTLFASVFTEPMKQRWICNSSDLSVWYTYCDKMEFPISINVEPCITLKKSKGYLHLFYIPRRDIKKLYFNIYLSANSVDFPVRKEVICRGANDDYSFCRALKGETVNTTVSFSYKGIRFSKGQYRCVTEAIAGNTEEMLFCLNFTILH,leaf,rvjHJm56MJ,35,rvjHJm56MJ,0.4194766
5,XP_006139872,lymphocyte antigen 96 isoform X1 [Tupaia chinensis],ref|XP_006139872.1|,ref|XP_006139872.1| lymphocyte antigen 96 isoform X1 [Tupaia chinensis],0.18002123,1.23735e-85,1,160,10,169,YLTilS92c9,MFSFVLFSTLFSFIFTEPEKQHWVCNSSDVSISYTYCDKMKYPISLNLIPCIELAGTKGFLHLFYIPRRDLKKLYFNLYISVNSMNLPKRKEVICRGFDDDYSFCKAVKGESINTTIPFSFKGIRFPKGQYRCVAEAIVGNTEEMLFCLNFTIIY,leaf,YLTilS92c9,4,YLTilS92c9,0.37591002000000007
6,XP_021574592,lymphocyte antigen 96 isoform X1 [Carlito syrichta],ref|XP_021574592.1|,ref|XP_021574592.1| lymphocyte antigen 96 isoform X1 [Carlito syrichta],0.16367261,6.13195e-85,1,158,10,167,PsHjPrKmwC,MFLFMLFSTLFSSIYTEPGEQHWVCNSSDTSISYTYCDNMKYPISIKVEPCIKLVGSKGLLHIFFIPRRDLKQLYFNLYISVNSMELPKRKEVICRGSDDEYSLCRTLKGETLNTTVSFSFRGILFSKGRYKVVAEAIDGSTEETFFCLNFTIIH,leaf,PsHjPrKmwC,1,PsHjPrKmwC,0.29376482000000004
7,NP_001076256,lymphocyte antigen 96 precursor [Oryctolagus cuniculus] >ref|XP_008253869.1| PREDICTED: lymphocyte antigen 96 isoform X1 [Oryctolagus cuniculus] >gb|AAM50061.1| MD-2 [Oryctolagus cuniculus],ref|NP_001076256.1|,ref|NP_001076256.1| lymphocyte antigen 96 precursor [Oryctolagus cuniculus] >ref|XP_008253869.1| PREDICTED: lymphocyte antigen 96 isoform X1 [Oryctolagus cuniculus] >gb|AAM50061.1| MD-2 [Oryctolagus cuniculus],0.15202001,1.85543e-84,1,160,10,169,HKhNtr4Lgz,MFTFMVFSTLISSIFTEPGKLHWVCKSADATVSYTYCDNMEIPISINVEPCITLKGTQGLLHIFYIPRRDMNQLYLNLYISVNSMDLPKRKEIICKGSDDVYSFCRALKGETVNTTVPFSFKGIRLSKGQYRCVVEAIAGSAEEMIFCLNFTIIH,leaf,HKhNtr4Lgz,13,HKhNtr4Lgz,0.38254625
8,XP_012590812,lymphocyte antigen 96 isoform X1 [Microcebus murinus],ref|XP_012590812.1|,ref|XP_012590812.1| lymphocyte antigen 96 isoform X1 [Microcebus murinus],0.17793754,1.36423e-83,1,160,10,169,wI485L18pm,MFLFMIFPTLFSSIFTEPGKQNWVCNSSDASIWYTYCDHMEYPISVNVNPCITLKGTRGLLHLYFIPRRDLNKLYFNLYISINSMELPKRKEVICRGSNDIYSFCRALKGETVNTTVSFSFSGIRFSKGKYRGIVEAIAGNTEEMLFCLNFTLIY,leaf,wI485L18pm,13,wI485L18pm,0.40846378000000005
9,XP_025333813,lymphocyte antigen 96 isoform X1 [Canis lupus dingo] >ref|XP_853138.1| lymphocyte antigen 96 isoform X1 [Canis lupus familiaris],ref|XP_025333813.1|,ref|XP_025333813.1| lymphocyte antigen 96 isoform X1 [Canis lupus dingo] >ref|XP_853138.1| lymphocyte antigen 96 isoform X1 [Canis lupus familiaris],0.12885182,1.60804e-83,1,160,10,169,xK1oPhpjKO,MFPFMLFSTLFSSIFTEPGEQYWICNSSDASVWYTYCDYMKAPISIDLNPCIAMKGSKGYLHLYYIPRRDIKKLYFNLYISFNSMNLPMRKEVICRGSDDVYSFCRALKGETVDTRIPFSFRGIRFSKGQYNCVAEAISGDTEEKLFCLNFTVIH,leaf,xK1oPhpjKO,23,xK1oPhpjKO,0.48410348000000003
10,XP_012883912,PREDICTED: lymphocyte antigen 96 isoform X1 [Dipodomys ordii],ref|XP_012883912.1|,ref|XP_012883912.1| PREDICTED: lymphocyte antigen 96 isoform X1 [Dipodomys ordii],0.19579709,1.61237e-83,1,160,10,169,T2DuDM47z5,MLPFVLFSTLFSFIFIESEAQPWACNSSDATLSYTYCDNMKYPISLSTEPCITLKGTKGLIHVFYIPRRDLKKLYLNIYLSVNSMELPKRTEVICRGSDDEYSFCRALKGETVNTSVPFSFKGIQFPKGQYKCVVEAIAGDPEEKLFCLNFTIIH,leaf,T2DuDM47z5,5,T2DuDM47z5,0.44315957000000006
11,XP_006737136,PREDICTED: lymphocyte antigen 96 isoform X1 [Leptonychotes weddellii],ref|XP_006737136.1|,ref|XP_006737136.1| PREDICTED: lymphocyte antigen 96 isoform X1 [Leptonychotes weddellii],0.04794135,6.54085e-83,1,158,10,167,ezzhypYwjR,MFPFMLFSTLFSSIFTEPGEQHWICNSSDSSVWYTYCDDMKVPISIGLNPCITLKGSKGYLHISYIARRDIEKLYFNLYLSFHSMHFPMRKEVICRGSDDLYSFCRALKGETVNTTVSFSFRGIRFSKGQYRCVAEAISGDPEEMLFCLNFTIIH,leaf,ezzhypYwjR,27,ezzhypYwjR,0.42195992000000004
12,XP_011365244,lymphocyte antigen 96 [Pteropus vampyrus],ref|XP_011365244.1|,ref|XP_011365244.1| lymphocyte antigen 96 [Pteropus vampyrus],0.06674579,8.69768e-83,1,160,10,169,dyHAvnAaTL,MFPFMLFSTLFSPICTEPAEQHWICNSSDTDIWYTYCDNMKFPISLNLNPCIELKGSRGYLHIFYIPRRDIKKLYFNLYLSFNSMNFPVRKEVICHGSDDEYSFCRALKGETVNTTISFSFKGIRFSKGQYRCIVEAITGYTEEKLFCLNFTIIY,leaf,dyHAvnAaTL,34,dyHAvnAaTL,0.44928725999999997
13,XP_008577095,PREDICTED: lymphocyte antigen 96 [Galeopterus variegatus],ref|XP_008577095.1|,ref|XP_008577095.1| PREDICTED: lymphocyte antigen 96 [Galeopterus variegatus],0.18027751,1.18121e-81,1,160,10,169,TPErzOA5nm,MFPFMLFSTLFSFIFTEPGKQYWICNSSESSVSYTYCDKTEYPISINLEPCITLTGTRGFLHIFFIPRTDIKKLYFNLYISVNSVDFPKRKEVICRGSDDVYSFCGNLKGETVNTTISFSFGGMLFSKGRYRCVAEAIAGNAEEMLFCLNFTVIH,leaf,TPErzOA5nm,12,TPErzOA5nm,0.42201728000000005
14,XP_020028110,lymphocyte antigen 96 [Castor canadensis],ref|XP_020028110.1|,ref|XP_020028110.1| lymphocyte antigen 96 [Castor canadensis],0.16792971,1.60166e-81,1,157,10,166,215ETc7AHD,MLPLMLFSTLFSSIFAEPEELHWSCNSSDATFSYTYCDDMKFPISVHTEPCIELKGTNGFLHISYIPRRDLKKLYFNLYITVNSMELPKRKQVICRGYDDEYSFCRALKGETVNTTVSFSFKGIRFPKGRYRCITEAIVGDNEEKLFCLNFTVIH,leaf,215ETc7AHD,7,215ETc7AHD,0.44305528000000005
15,XP_003408398,lymphocyte antigen 96 isoform X1 [Loxodonta africana],ref|XP_003408398.1|,ref|XP_003408398.1| lymphocyte antigen 96 isoform X1 [Loxodonta africana],0.1460022,2.82769e-81,1,155,10,164,0zZwmLHhQe,MFPFVLFSTLFSSIFPEPGEQRWVCNSSDLSVWYTYCDNLKYPILLNLTPCITLKASKGHLHVYYVPRRDIKKLYFNLYISFNSISLPKRKEVVCRGSEDDYSFCRALKGETVTATIPFSFKGIKFSKGQYRCVAEAMTGSPEEMLFCLNFTLIH,leaf,0zZwmLHhQe,18,0zZwmLHhQe,0.48440752
16,XP_012409905,lymphocyte antigen 96 [Trichechus manatus latirostris],ref|XP_012409905.1|,ref|XP_012409905.1| lymphocyte antigen 96 [Trichechus manatus latirostris],0.1418157,2.89037e-81,1,155,10,164,KBosJIYdoh,MFQFVLFSTLFPSVFTELGEPRWVCNSSDISIWYTYCDNMKYPISLNLTPCITLKGSRGLLHIYYIPRRDVEKLYFNLYLSVNSINLPKRKEVICRGSDDSYSFCRALKGETVNTTIPFSFRGIKFSKGLYRCVAEAISGKTEEMLFCLNFTMIH,leaf,KBosJIYdoh,18,KBosJIYdoh,0.48022102
17,XP_004762397,PREDICTED: lymphocyte antigen 96 isoform X1 [Mustela putorius furo],ref|XP_004762397.1|,ref|XP_004762397.1| PREDICTED: lymphocyte antigen 96 isoform X1 [Mustela putorius furo],0.10968052,8.97236e-81,1,160,10,169,SHg1LFi3yk,MFSFMLFSTLFSSIFAEPGEQRWVCNSSDISVWYTYCDDMKAPISIEVKPCITLKGSKGYLHLSYIPRRDIKKLYFNIYLSFNSMDFPMRKEVVCRGSDDLYSFCRALKGETVNTAVSFSFRGLRFSKGRYRCVAEAISGDPEEMLFCLNFTIIH,leaf,SHg1LFi3yk,26,SHg1LFi3yk,0.4812259
18,XP_004403951,PREDICTED: lymphocyte antigen 96 [Odobenus rosmarus divergens],ref|XP_004403951.1|,ref|XP_004403951.1| PREDICTED: lymphocyte antigen 96 [Odobenus rosmarus divergens],0.1115948,1.43739e-80,1,160,10,169,8qrbdFpTzR,MFPFMLFSTLFSSIFTEPGEPHWICNSSDSSVWYTYCDNMKVPISIDVKPCIALKGSNGYLHIYYIPRRDIKKLYFNLYISFHSMHFPMRKEVVCQGSDDLYSFCSALKGETVNTTVYFSFKGLRFSKGQYKCVAEAVSGDPEETLFCLNFTIIH,leaf,8qrbdFpTzR,27,8qrbdFpTzR,0.48561337000000004
19,XP_024434115,lymphocyte antigen 96 [Desmodus rotundus],ref|XP_024434115.1|,ref|XP_024434115.1| lymphocyte antigen 96 [Desmodus rotundus],0.13032129,3.37931e-80,1,160,10,169,XYehdMs7RV,MFPLMLFSTLFSSTFTEPGEQYWICNSSDSSVWYSYCDNMEYPISLIPEPCIILKGTSGHLHIFFIPRRDIKKLYFNLYLSFNTLEFPMRKEVICRGSDDEYSFCRALKGETVNTSVPFSFKGILFSKGRYRCVVEAIAGNTEEMLFCLNFTIIH,leaf,XYehdMs7RV,30,XYehdMs7RV,0.48274890000000004
20,XP_002930732,"PREDICTED: lymphocyte antigen 96 [Ailuropoda melanoleuca] >gb|EFB18394.1| hypothetical protein PANDA_021279, partial [Ailuropoda melanoleuca]",ref|XP_002930732.1|,"ref|XP_002930732.1| PREDICTED: lymphocyte antigen 96 [Ailuropoda melanoleuca] >gb|EFB18394.1| hypothetical protein PANDA_021279, partial [Ailuropoda melanoleuca]",0.05857478,4.74651e-80,1,160,10,169,ubC69eESP5,MFTFMLFSTLFSSIFTEPGEQHWICNSSDSSVWYSYCDNMKVPISIDPKPCITLKGSRGYLHLSYIPRRDIKKLYFKLYLSFNSMHFPMRKEVICRGSDDVYSFCRALKGETVNTAVSFSYKGIRFSKGQYRCVAEAVSGDPEEMLFCLNFTIIH,leaf,ubC69eESP5,26,ubC69eESP5,0.43012016
21,XP_029779690,lymphocyte antigen 96 [Suricata suricatta],ref|XP_029779690.1|,ref|XP_029779690.1| lymphocyte antigen 96 [Suricata suricatta],0.07749588,1.56882e-79,18,177,10,169,kZ2Glgdrhp,MFPFILFSTLFSFIFTEPGEQQWICNSSDSSVWYSHCDNMKVPISIDIKPCLTMKGSQGNLHLSFVPRRDIRKLYFNLYLSINLMNLPMRKEVICRGSDDVYSFCRALKGETVNTAVSFSFRGIRFSKGEYRCVAEAIAGNTEEMLFCLNFTILH,leaf,kZ2Glgdrhp,24,kZ2Glgdrhp,0.50102748
22,XP_015341363,PREDICTED: lymphocyte antigen 96 [Marmota marmota marmota],ref|XP_015341363.1|,ref|XP_015341363.1| PREDICTED: lymphocyte antigen 96 [Marmota marmota marmota],0.22754982,2.8364e-79,19,178,10,169,9lGu8XIoKO,MLSFMLFSTMFSSILTEPEEQHWTCSSSDATIAYTYCDDIKFPILVRPEPCISLKGTEGFLHIFYIPRRDLKQLYFNLYISVNSMNLPKRKEVICRGANDEYSFCRALKGETVNTTIPFSFRGILFLKGRYRCVAEAIAGHTEEKLFCLNFTITY,leaf,9lGu8XIoKO,6,9lGu8XIoKO,0.4836947300000001
23,XP_008847121,lymphocyte antigen 96 isoform X3 [Nannospalax galili],ref|XP_008847121.1|,ref|XP_008847121.1| lymphocyte antigen 96 isoform X3 [Nannospalax galili],0.1232532,9.75842e-79,1,158,10,167,LSyCIsFK8h,MLPFILFSTLFSPIFTESEEQLWVCNSSDTTISYTYCDNIKFPISISAEPCITLKGTNGILHIVFIPRRDIKKLYFNLFINLNSMVLPKRKEVICRGYDDDYSFCSALKGETVNTTVPFSFRGILFSKGQYTCVAEAIVGDIEEKLFCLNFTIIH,leaf,LSyCIsFK8h,10,LSyCIsFK8h,0.49168482
24,XP_016009179,PREDICTED: lymphocyte antigen 96 [Rousettus aegyptiacus],ref|XP_016009179.1|,ref|XP_016009179.1| PREDICTED: lymphocyte antigen 96 [Rousettus aegyptiacus],0.17173984,1.84494e-78,1,158,10,167,un9qGnVXdD,MFPFMLFSTLFSSVFTQPAEQHWVCNSSDTDIWYTYCDDMKFPISLNVNPCITLKGTRGNLHVSYIPRRDIKKLYFNLYVSFNSMNFPLRTEVVCHGSDDVYSFCRALKGETVNATIPFSFRGLRFTKGRYRCIAEAFSGHTEEKLFCLNFTIIH,leaf,un9qGnVXdD,34,un9qGnVXdD,0.55428131
25,XP_006880603,PREDICTED: lymphocyte antigen 96 [Elephantulus edwardii],ref|XP_006880603.1|,ref|XP_006880603.1| PREDICTED: lymphocyte antigen 96 [Elephantulus edwardii],0.19038959,2.61646e-78,1,155,10,164,mKdHmj7HIL,MFSFMLFPTLFPTVFPEPKQQHWICNSSDLSVWYTYCDNMKYPISIIPTPCVSLKGSKGQLHLSYIPRRDMKKLYFNLYVSINSLDFPKRKEVICRGSDDDYSFCRALKGETINTTISFSYKGLKFSKGQYRVVAEAITGSAEEMLFCLNFTLIH,leaf,mKdHmj7HIL,17,mKdHmj7HIL,0.5249525700000001
26,XP_006185920,PREDICTED: lymphocyte antigen 96 [Camelus ferus] >ref|XP_010949774.1| PREDICTED: lymphocyte antigen 96 [Camelus bactrianus] >ref|XP_010977720.1| PREDICTED: lymphocyte antigen 96 [Camelus dromedarius],ref|XP_006185920.1|,ref|XP_006185920.1| PREDICTED: lymphocyte antigen 96 [Camelus ferus] >ref|XP_010949774.1| PREDICTED: lymphocyte antigen 96 [Camelus bactrianus] >ref|XP_010977720.1| PREDICTED: lymphocyte antigen 96 [Camelus dromedarius],0.18374407,5.83009e-78,1,160,10,169,AYHUHuibWC,MFPLMLFSTLFSSIFTEPGEKHWICNSSDASIWYNYCDDKKFPISISTKPCITLKGSNGYLYLYFIPRRDIKKLYFNLYISVKSIRLPERKEVICRGSDDNYSFCRALKGETVNTTIGFSFKGLRFSKGQYNCVAEAISGDTEERLLCLNFTIIH,leaf,AYHUHuibWC,32,AYHUHuibWC,0.55044998
27,XP_014709236,PREDICTED: lymphocyte antigen 96 isoform X1 [Equus asinus],ref|XP_014709236.1|,ref|XP_014709236.1| PREDICTED: lymphocyte antigen 96 isoform X1 [Equus asinus],0.25976037,6.77702e-78,14,173,10,169,Br5iShV30U,MFSFMLFFTLFSSIFPEPEELRWICNSSDMSIWYTYCDNMKSPISINLEPCIELKGTSGHLHILFVPRRDIKKLYFNLYLTMNSLEFPMRKEVICRGSDDDYSFCRALKGETVNTTVSFSFRGMRFPKGRYRCIAEAVVGNTEEALFCLNFTLLH,leaf,Br5iShV30U,35,Br5iShV30U,0.5291620600000001
28,XP_007185126,lymphocyte antigen 96 [Balaenoptera acutorostrata scammoni],ref|XP_007185126.1|,ref|XP_007185126.1| lymphocyte antigen 96 [Balaenoptera acutorostrata scammoni],0.1043465,9.03712e-78,1,158,10,167,TTAfOiosip,MFPFMLFSTLFSSTFTEPGEKLWICNSSDTSVWYSYCDNLKFPISVNSEPCITLKGGRGNLYLYYIPRRDLKSLYFNIYVSFKSVNFPVRKEVICRGSDDDYSFCRALKGETVNTTISFSFKGIRFSKGRYNCITEAIAGNTEERLFCLNFTVIH,leaf,TTAfOiosip,33,TTAfOiosip,0.52580792
29,XP_004679848,PREDICTED: lymphocyte antigen 96 [Condylura cristata],ref|XP_004679848.1|,ref|XP_004679848.1| PREDICTED: lymphocyte antigen 96 [Condylura cristata],0.26115274,1.90383e-77,1,160,10,169,ADxFsl5K3k,MFPLMLFSTLFSSIFTEPGEKHWICNSSDASIWYSYCDNMKYPISINIHPCLTLKGHRGYLHIFYIARGDLKNLYFNLKLSFNSMNFLERTQVICKGADGDYSFCRALKGETVNTTISYSFKRLLFSKGQYRLIVEAITGSTGEMLFCLNFIIIH,leaf,ADxFsl5K3k,28,ADxFsl5K3k,0.5465680900000001
30,XP_008148549,lymphocyte antigen 96 [Eptesicus fuscus],ref|XP_008148549.1|,ref|XP_008148549.1| lymphocyte antigen 96 [Eptesicus fuscus],0.16357653,1.9248e-77,1,160,10,169,AnPgSPdrpd,MFPLMLFSTLFSSTLPESGEQHWICNSSDVSLWYTYCDNVKYPISVRSEPCVELKGSKGYLHISYIPRRDMKNLYFNLYLSFKTMTFPMRKEVICRGSDDDYSFCRALKGETVNTSVPFSFKGILFSKGKYRWIVEAITGNTEEMLFCLNFTIIH,leaf,AnPgSPdrpd,30,AnPgSPdrpd,0.5160041400000001
31,XP_004842102,lymphocyte antigen 96 [Heterocephalus glaber] >gb|EHB04643.1| Lymphocyte antigen 96 [Heterocephalus glaber],ref|XP_004842102.1|,ref|XP_004842102.1| lymphocyte antigen 96 [Heterocephalus glaber] >gb|EHB04643.1| Lymphocyte antigen 96 [Heterocephalus glaber],0.15624303,1.96745e-77,1,160,10,169,R4qgHaNS0P,MLPFMLFSTLFSPIFTEPEEPLWICSSSDANISYTYCDNKKFPISINIIPCLTLKGSSGSLHIFFIPRRDLKKLYFNLHISFHSMKLPMRKEVICRGYDDEYSFCRALKGESVNATIAFSFKGIRFAKGRYNCVAEAITGDIEERLFCLNFTIEH,leaf,R4qgHaNS0P,9,R4qgHaNS0P,0.60088945
32,XP_007954948,PREDICTED: lymphocyte antigen 96 [Orycteropus afer afer],ref|XP_007954948.1|,ref|XP_007954948.1| PREDICTED: lymphocyte antigen 96 [Orycteropus afer afer],0.15453709,3.46812e-77,1,155,10,164,7dp9yPJuZr,MFPFLLFSTLFPFIFTELGEQHWICNSSDLSVWYTYCDNMKYPISLNLIPCITLKGSRGHLQISYIPRRDIKKLYFNLYVSTKSLDFPKRKEVVCRGSDDDYSFCRALKGETVNTTVSFSFKEIKFSKGRYKIIAEAIAGSTEEMIFCLNATVIH,leaf,7dp9yPJuZr,17,7dp9yPJuZr,0.48910007
33,NP_001277764,lymphocyte antigen 96 precursor [Bubalus bubalis] >gb|AEN70399.1| MD-2 [Rucervus eldii] >gb|AEP33843.1| MD-2 [Bubalus bubalis],ref|NP_001277764.1|,ref|NP_001277764.1| lymphocyte antigen 96 precursor [Bubalus bubalis] >gb|AEN70399.1| MD-2 [Rucervus eldii] >gb|AEP33843.1| MD-2 [Bubalus bubalis],0.147018,3.83869e-77,1,160,10,169,ruZteWYTMx,MFPFLLFSTLFSSIFTEPRENRWVCNSSDATVWYDYCDNLKFPISIRSEPCITLKGSRGILYLYYIPRRDIKSLYFNIYLSTKSMNFPLRKEVICRGYDDDFSFCRALKGETVNTTIQFSFRGIRFSKGQYNCITEAIEGNTEEKLFCLNFTIIH,leaf,ruZteWYTMx,33,ruZteWYTMx,0.5684794200000001
34,XP_004637614,lymphocyte antigen 96 isoform X1 [Octodon degus],ref|XP_004637614.1|,ref|XP_004637614.1| lymphocyte antigen 96 isoform X1 [Octodon degus],0.18634388,9.023e-77,1,160,10,169,JiYesCIfrk,MLPLMLFSTLFSPIFTEPKDHHWICNSSDASISYTYCDDMKFPISVNVTPCLTFKGSSGTLNISFIPRRDLRKLYFNLYVSFKSMNLPERKEVICRGYDDVYSFCRALKGETVNAKVPFSYRGILFSKGRYSCVAEAITGDAEERLFCLNFTIMH,leaf,JiYesCIfrk,9,JiYesCIfrk,0.6309903000000001
35,XP_007080415,PREDICTED: lymphocyte antigen 96 isoform X2 [Panthera tigris altaica] >ref|XP_007080416.1| PREDICTED: lymphocyte antigen 96 isoform X1 [Panthera tigris altaica],ref|XP_007080415.1|,ref|XP_007080415.1| PREDICTED: lymphocyte antigen 96 isoform X2 [Panthera tigris altaica] >ref|XP_007080416.1| PREDICTED: lymphocyte antigen 96 isoform X1 [Panthera tigris altaica],0.09974146,1.35336e-76,1,160,10,169,t46BFOszEh,MFPFILFSTLFSSTFTEPGELQWICNSSDSSVWYSHCDNMKVPISIAIKPCMSMKGSGGYVHLSFIPRRDIKKLYFNLYLSINSMDLPVRKEVICRGSDDVYSFCRALKGETVNTTVHFSFRGIRFSKGQYRCVAEAITGNTEEMLFCLNFTVIY,leaf,t46BFOszEh,24,t46BFOszEh,0.5232730600000001
36,XP_021078048,lymphocyte antigen 96 isoform X1 [Mus pahari],ref|XP_021078048.1|,ref|XP_021078048.1| lymphocyte antigen 96 isoform X1 [Mus pahari],0.19891795,1.36588e-75,1,160,10,169,QLQVGrEy8q,MLPFILFSTLLSPIFTESEKQQWICNSSDAIISYSYCDHLKFPISISSEPCIRLRGTNGFVHVEFIPRRNLKNLYFNLFINVNSIELPKRKEVMCHGHDDDYSFCRALKGETVNTSVPFSFEGILFPKGHYRCVAEAIAGDTEEKLFCLNFTIIH,leaf,QLQVGrEy8q,10,QLQVGrEy8q,0.5673495700000001
37,XP_016071489,PREDICTED: lymphocyte antigen 96 isoform X1 [Miniopterus natalensis],ref|XP_016071489.1|,ref|XP_016071489.1| PREDICTED: lymphocyte antigen 96 isoform X1 [Miniopterus natalensis],0.20795277,1.41151e-75,1,160,10,169,q7gnHzUb8t,MFPLMLFSMLFSSTCTEPREPHWICNSSDLTFWYTYCDHMEYPILIKTEPCIQLMGSKGYLHIFYIPRRDIKKLYFNLYLSYNSLNFPVRQEVVCRGSDDEFSFCRALKGETVNTTVSFSFRGIRFSKGRYQCVVEAITGNTGEMLFCLNFTIIH,leaf,q7gnHzUb8t,29,q7gnHzUb8t,0.5227401700000001
38,,,,,0.0,,,,,,8EhqHQ9Hpx,,root,0,,0,0.0
39,,,,,0.13009221,,,,,,6GLGS8Qs5P,,node,1,0,1,0.13009221
40,,,,,0.04400964,,,,,,sp291nyDTH,,node,2,1,2,0.17410185
41,,,,,0.00269646,,,,,,RKpQ4EqISy,,node,3,2,3,0.17679831000000001
42,,,,,0.01909048,,,,,,1fbSIOjzKH,,node,4,3,4,0.19588879000000003
43,,,,,0.05147369,,,,,,f3IsMqI5kK,,node,5,4,5,0.24736248000000002
44,,,,,0.00878243,,,,,,AzOyDc4uSZ,,node,6,5,6,0.25614491000000006
45,,,,,0.01898066,,,,,,zZ52zdGAON,,node,7,6,7,0.27512557000000004
46,,,,,0.0164492,,,,,,J8KgVLB3Ek,,node,8,7,8,0.29157477
47,,,,,0.15307165,,,,,,zTdiI6j9Uh,,node,9,8,9,0.4446464200000001
48,,,,,0.07685685,,,,,,5SGd1Dep5A,,node,10,8,10,0.36843161999999996
49,,,,,0.02351182,,,,,,7SGm8qmKXw,,node,11,3,11,0.20031013000000003
50,,,,,0.04142964,,,,,,IBlQmUAgUo,,node,12,11,12,0.24173977000000002
51,,,,,0.03021611,,,,,,5DSUUSCyoo,,node,13,11,13,0.23052624000000002
52,,,,,0.03500386,,,,,,xlqqrBu0nV,,node,14,2,14,0.20910571
53,,,,,0.03767908,,,,,,aM9AZs7cgr,,node,15,14,15,0.24678479000000003
54,,,,,0.04478974,,,,,,Vc8h11Ns3p,,node,16,15,16,0.29157453
55,,,,,0.04298845,,,,,,fPawUT3Cu2,,node,17,16,17,0.33456298000000007
56,,,,,0.04683079,,,,,,lEYpfqMtxv,,node,18,16,18,0.33840532
57,,,,,0.04260827,,,,,,r37hbBgLlU,,node,19,14,19,0.25171398
58,,,,,0.01474699,,,,,,Wne3tnXzZV,,node,20,19,20,0.26646097
59,,,,,1e-08,,,,,,EP0XtvTCZz,,node,21,20,21,0.26646098
60,,,,,0.06669597,,,,,,Lql3Ys4RLR,,node,22,21,22,0.33315695
61,,,,,0.02209471,,,,,,nqz4t3jbeI,,node,23,22,23,0.35525165999999997
62,,,,,0.06827994,,,,,,x1IgcSESQ6,,node,24,23,24,0.4235316
63,,,,,0.02437258,,,,,,ErPYP5lCKb,,node,25,22,25,0.35752953
64,,,,,0.01401585,,,,,,Qajo9hT7Lw,,node,26,25,26,0.37154538000000004
65,,,,,0.01648904,,,,,,tPumZlX6zj,,node,27,25,27,0.37401857000000005
66,,,,,0.01895437,,,,,,GKfWo9fEZX,,node,28,21,28,0.28541535
67,,,,,0.02937205,,,,,,iuDZwFELZf,,node,29,28,29,0.31478740000000005
68,,,,,0.03764021,,,,,,JMEmQFKAhx,,node,30,29,30,0.35242761
69,,,,,0.03085738,,,,,,XUeSh6UBxg,,node,31,20,31,0.29731835
70,,,,,0.06938756,,,,,,f2HlmYy8eR,,node,32,31,32,0.36670590999999997
71,,,,,0.05475551,,,,,,KCqKNszBfU,,node,33,32,33,0.42146142
72,,,,,0.08522312,,,,,,ja9oXddBrG,,node,34,31,34,0.38254147000000005
73,,,,,0.01768771,,,,,,3wgD4gwXOp,,node,35,19,35,0.26940169
